Analysis & Synthesis report for PDF_CPU
Fri May 02 02:00:24 2025
Quartus Prime Version 18.1.0 Build 625 09/12/2018 SJ Lite Edition


---------------------
; Table of Contents ;
---------------------
  1. Legal Notice
  2. Analysis & Synthesis Summary
  3. Analysis & Synthesis Settings
  4. Parallel Compilation
  5. Analysis & Synthesis Source Files Read
  6. Analysis & Synthesis Resource Usage Summary
  7. Analysis & Synthesis Resource Utilization by Entity
  8. Analysis & Synthesis RAM Summary
  9. State Machine - |PDF_CPU|Controlpath:CP|reg_reading_2
 10. State Machine - |PDF_CPU|Controlpath:CP|reg_reading_1
 11. State Machine - |PDF_CPU|Controlpath:CP|writing_to_reg[3]
 12. State Machine - |PDF_CPU|Controlpath:CP|writing_to_reg[2]
 13. State Machine - |PDF_CPU|Controlpath:CP|writing_to_reg[1]
 14. State Machine - |PDF_CPU|Controlpath:CP|writing_to_reg[0]
 15. State Machine - |PDF_CPU|Controlpath:CP|reg_writing
 16. State Machine - |PDF_CPU|Controlpath:CP|instructions_in_pipeline[3]
 17. State Machine - |PDF_CPU|Controlpath:CP|instructions_in_pipeline[2]
 18. State Machine - |PDF_CPU|Controlpath:CP|instructions_in_pipeline[1]
 19. State Machine - |PDF_CPU|Controlpath:CP|instructions_in_pipeline[0]
 20. State Machine - |PDF_CPU|Controlpath:CP|instr
 21. User-Specified and Inferred Latches
 22. Registers Removed During Synthesis
 23. General Register Statistics
 24. Registers Added for RAM Pass-Through Logic
 25. Multiplexer Restructuring Statistics (Restructuring Performed)
 26. Source assignments for ring_buffer:Data_Memory|altsyncram:ram_rtl_0|altsyncram_fmh1:auto_generated
 27. Parameter Settings for User Entity Instance: ring_buffer:Data_Memory
 28. Parameter Settings for Inferred Entity Instance: ring_buffer:Data_Memory|altsyncram:ram_rtl_0
 29. altsyncram Parameter Settings by Entity Instance
 30. Port Connectivity Checks: "ring_buffer:Data_Memory"
 31. Port Connectivity Checks: "datapath:DP|ALU:Arithmetic_Unit|shifter:Shift|shift_eight:eight|mux_2x1_16bit:mux"
 32. Port Connectivity Checks: "datapath:DP|ALU:Arithmetic_Unit|shifter:Shift|shift_four:four|mux_2x1_16bit:mux"
 33. Port Connectivity Checks: "datapath:DP|ALU:Arithmetic_Unit|shifter:Shift|shift_two:two|mux_2x1_16bit:mux"
 34. Port Connectivity Checks: "datapath:DP|ALU:Arithmetic_Unit|kogge_stone_adder_subtractor:Adder|kogge_stone:kogge|postprocessing:inst8"
 35. Port Connectivity Checks: "datapath:DP|ALU:Arithmetic_Unit|kogge_stone_adder_subtractor:Adder"
 36. Port Connectivity Checks: "datapath:DP|ALU:Arithmetic_Unit|multiplier:Multiplier_entity|sixteen_bit_full_adder:inst17"
 37. Port Connectivity Checks: "datapath:DP|ALU:Arithmetic_Unit|multiplier:Multiplier_entity|sixteen_bit_full_adder:inst16"
 38. Port Connectivity Checks: "datapath:DP|ALU:Arithmetic_Unit|multiplier:Multiplier_entity|sixteen_bit_full_adder:inst15"
 39. Port Connectivity Checks: "datapath:DP|ALU:Arithmetic_Unit|multiplier:Multiplier_entity|shift_one:inst14"
 40. Port Connectivity Checks: "datapath:DP|ALU:Arithmetic_Unit|multiplier:Multiplier_entity|shift_one:inst13"
 41. Port Connectivity Checks: "datapath:DP|ALU:Arithmetic_Unit|multiplier:Multiplier_entity|shift_one:inst12"
 42. Port Connectivity Checks: "datapath:DP|ALU:Arithmetic_Unit|multiplier:Multiplier_entity|shift_one:inst11"
 43. Port Connectivity Checks: "datapath:DP|ALU:Arithmetic_Unit|multiplier:Multiplier_entity|shift_one:inst10"
 44. Port Connectivity Checks: "datapath:DP|ALU:Arithmetic_Unit|multiplier:Multiplier_entity|shift_one:inst9"
 45. Port Connectivity Checks: "datapath:DP|sixteen_bit_full_adder:Nxt_Address_Adder"
 46. Port Connectivity Checks: "datapath:DP|shift_one:Multiply_two_SE|mux_2x1_16bit:mux"
 47. Port Connectivity Checks: "datapath:DP|shift_one:Multiply_two_SE"
 48. Port Connectivity Checks: "datapath:DP|register_file:RF"
 49. Port Connectivity Checks: "datapath:DP|sixteen_bit_full_adder:Incrementer"
 50. Port Connectivity Checks: "datapath:DP|pipo_register:PC_Store_Reg"
 51. Port Connectivity Checks: "datapath:DP|pipo_register:IR_Reg"
 52. Post-Synthesis Netlist Statistics for Top Partition
 53. Elapsed Time Per Partition
 54. Analysis & Synthesis Messages



----------------
; Legal Notice ;
----------------
Copyright (C) 2018  Intel Corporation. All rights reserved.
Your use of Intel Corporation's design tools, logic functions 
and other software and tools, and its AMPP partner logic 
functions, and any output files from any of the foregoing 
(including device programming or simulation files), and any 
associated documentation or information are expressly subject 
to the terms and conditions of the Intel Program License 
Subscription Agreement, the Intel Quartus Prime License Agreement,
the Intel FPGA IP License Agreement, or other applicable license
agreement, including, without limitation, that your use is for
the sole purpose of programming logic devices manufactured by
Intel and sold by Intel or its authorized distributors.  Please
refer to the applicable agreement for further details.



+----------------------------------------------------------------------------------+
; Analysis & Synthesis Summary                                                     ;
+------------------------------------+---------------------------------------------+
; Analysis & Synthesis Status        ; Successful - Fri May 02 02:00:24 2025       ;
; Quartus Prime Version              ; 18.1.0 Build 625 09/12/2018 SJ Lite Edition ;
; Revision Name                      ; PDF_CPU                                     ;
; Top-level Entity Name              ; PDF_CPU                                     ;
; Family                             ; MAX 10                                      ;
; Total logic elements               ; 889                                         ;
;     Total combinational functions  ; 789                                         ;
;     Dedicated logic registers      ; 419                                         ;
; Total registers                    ; 419                                         ;
; Total pins                         ; 103                                         ;
; Total virtual pins                 ; 0                                           ;
; Total memory bits                  ; 512                                         ;
; Embedded Multiplier 9-bit elements ; 0                                           ;
; Total PLLs                         ; 0                                           ;
; UFM blocks                         ; 0                                           ;
; ADC blocks                         ; 0                                           ;
+------------------------------------+---------------------------------------------+


+------------------------------------------------------------------------------------------------------------+
; Analysis & Synthesis Settings                                                                              ;
+------------------------------------------------------------------+--------------------+--------------------+
; Option                                                           ; Setting            ; Default Value      ;
+------------------------------------------------------------------+--------------------+--------------------+
; Device                                                           ; 10M08DAF484C8G     ;                    ;
; Top-level entity name                                            ; PDF_CPU            ; PDF_CPU            ;
; Family name                                                      ; MAX 10             ; Cyclone V          ;
; Use smart compilation                                            ; Off                ; Off                ;
; Enable parallel Assembler and Timing Analyzer during compilation ; On                 ; On                 ;
; Enable compact report table                                      ; Off                ; Off                ;
; Restructure Multiplexers                                         ; Auto               ; Auto               ;
; Create Debugging Nodes for IP Cores                              ; Off                ; Off                ;
; Preserve fewer node names                                        ; On                 ; On                 ;
; Intel FPGA IP Evaluation Mode                                    ; Enable             ; Enable             ;
; Verilog Version                                                  ; Verilog_2001       ; Verilog_2001       ;
; VHDL Version                                                     ; VHDL_1993          ; VHDL_1993          ;
; State Machine Processing                                         ; Auto               ; Auto               ;
; Safe State Machine                                               ; Off                ; Off                ;
; Extract Verilog State Machines                                   ; On                 ; On                 ;
; Extract VHDL State Machines                                      ; On                 ; On                 ;
; Ignore Verilog initial constructs                                ; Off                ; Off                ;
; Iteration limit for constant Verilog loops                       ; 5000               ; 5000               ;
; Iteration limit for non-constant Verilog loops                   ; 250                ; 250                ;
; Add Pass-Through Logic to Inferred RAMs                          ; On                 ; On                 ;
; Infer RAMs from Raw Logic                                        ; On                 ; On                 ;
; Parallel Synthesis                                               ; On                 ; On                 ;
; DSP Block Balancing                                              ; Auto               ; Auto               ;
; NOT Gate Push-Back                                               ; On                 ; On                 ;
; Power-Up Don't Care                                              ; On                 ; On                 ;
; Remove Redundant Logic Cells                                     ; Off                ; Off                ;
; Remove Duplicate Registers                                       ; On                 ; On                 ;
; Ignore CARRY Buffers                                             ; Off                ; Off                ;
; Ignore CASCADE Buffers                                           ; Off                ; Off                ;
; Ignore GLOBAL Buffers                                            ; Off                ; Off                ;
; Ignore ROW GLOBAL Buffers                                        ; Off                ; Off                ;
; Ignore LCELL Buffers                                             ; Off                ; Off                ;
; Ignore SOFT Buffers                                              ; On                 ; On                 ;
; Limit AHDL Integers to 32 Bits                                   ; Off                ; Off                ;
; Optimization Technique                                           ; Balanced           ; Balanced           ;
; Carry Chain Length                                               ; 70                 ; 70                 ;
; Auto Carry Chains                                                ; On                 ; On                 ;
; Auto Open-Drain Pins                                             ; On                 ; On                 ;
; Perform WYSIWYG Primitive Resynthesis                            ; Off                ; Off                ;
; Auto ROM Replacement                                             ; On                 ; On                 ;
; Auto RAM Replacement                                             ; On                 ; On                 ;
; Auto DSP Block Replacement                                       ; On                 ; On                 ;
; Auto Shift Register Replacement                                  ; Auto               ; Auto               ;
; Allow Shift Register Merging across Hierarchies                  ; Auto               ; Auto               ;
; Auto Clock Enable Replacement                                    ; On                 ; On                 ;
; Strict RAM Replacement                                           ; Off                ; Off                ;
; Allow Synchronous Control Signals                                ; On                 ; On                 ;
; Force Use of Synchronous Clear Signals                           ; Off                ; Off                ;
; Auto RAM Block Balancing                                         ; On                 ; On                 ;
; Auto RAM to Logic Cell Conversion                                ; Off                ; Off                ;
; Auto Resource Sharing                                            ; Off                ; Off                ;
; Allow Any RAM Size For Recognition                               ; Off                ; Off                ;
; Allow Any ROM Size For Recognition                               ; Off                ; Off                ;
; Allow Any Shift Register Size For Recognition                    ; Off                ; Off                ;
; Use LogicLock Constraints during Resource Balancing              ; On                 ; On                 ;
; Ignore translate_off and synthesis_off directives                ; Off                ; Off                ;
; Timing-Driven Synthesis                                          ; On                 ; On                 ;
; Report Parameter Settings                                        ; On                 ; On                 ;
; Report Source Assignments                                        ; On                 ; On                 ;
; Report Connectivity Checks                                       ; On                 ; On                 ;
; Ignore Maximum Fan-Out Assignments                               ; Off                ; Off                ;
; Synchronization Register Chain Length                            ; 2                  ; 2                  ;
; Power Optimization During Synthesis                              ; Normal compilation ; Normal compilation ;
; HDL message level                                                ; Level2             ; Level2             ;
; Suppress Register Optimization Related Messages                  ; Off                ; Off                ;
; Number of Removed Registers Reported in Synthesis Report         ; 5000               ; 5000               ;
; Number of Swept Nodes Reported in Synthesis Report               ; 5000               ; 5000               ;
; Number of Inverted Registers Reported in Synthesis Report        ; 100                ; 100                ;
; Clock MUX Protection                                             ; On                 ; On                 ;
; Auto Gated Clock Conversion                                      ; Off                ; Off                ;
; Block Design Naming                                              ; Auto               ; Auto               ;
; SDC constraint protection                                        ; Off                ; Off                ;
; Synthesis Effort                                                 ; Auto               ; Auto               ;
; Shift Register Replacement - Allow Asynchronous Clear Signal     ; On                 ; On                 ;
; Pre-Mapping Resynthesis Optimization                             ; Off                ; Off                ;
; Analysis & Synthesis Message Level                               ; Medium             ; Medium             ;
; Disable Register Merging Across Hierarchies                      ; Auto               ; Auto               ;
; Resource Aware Inference For Block RAM                           ; On                 ; On                 ;
+------------------------------------------------------------------+--------------------+--------------------+


+------------------------------------------+
; Parallel Compilation                     ;
+----------------------------+-------------+
; Processors                 ; Number      ;
+----------------------------+-------------+
; Number detected on machine ; 16          ;
; Maximum allowed            ; 10          ;
;                            ;             ;
; Average used               ; 1.00        ;
; Maximum used               ; 10          ;
;                            ;             ;
; Usage by Processor         ; % Time Used ;
;     Processor 1            ; 100.0%      ;
;     Processor 2            ;   0.0%      ;
;     Processor 3            ;   0.0%      ;
;     Processor 4            ;   0.0%      ;
;     Processors 5-10        ;   0.0%      ;
+----------------------------+-------------+


+----------------------------------------------------------------------------------------------------------------------------------------------------------------------------+
; Analysis & Synthesis Source Files Read                                                                                                                                     ;
+----------------------------------+-----------------+------------------------------+------------------------------------------------------------------------------+---------+
; File Name with User-Entered Path ; Used in Netlist ; File Type                    ; File Name with Absolute Path                                                 ; Library ;
+----------------------------------+-----------------+------------------------------+------------------------------------------------------------------------------+---------+
; Gates.vhdl                       ; yes             ; User VHDL File               ; E:/Semester_4/Microprocessor_Project/Gates.vhdl                              ;         ;
; shift_eight.vhd                  ; yes             ; User VHDL File               ; E:/Semester_4/Microprocessor_Project/shift_eight.vhd                         ;         ;
; 8_X_1_Mux_16_Bit.vhd             ; yes             ; User VHDL File               ; E:/Semester_4/Microprocessor_Project/8_X_1_Mux_16_Bit.vhd                    ;         ;
; 8_X_1_Demux_16_Bit.vhd           ; yes             ; User VHDL File               ; E:/Semester_4/Microprocessor_Project/8_X_1_Demux_16_Bit.vhd                  ;         ;
; Register_File.vhd                ; yes             ; User VHDL File               ; E:/Semester_4/Microprocessor_Project/Register_File.vhd                       ;         ;
; zero_padding.vhd                 ; yes             ; User VHDL File               ; E:/Semester_4/Microprocessor_Project/zero_padding.vhd                        ;         ;
; sixteen_bit_full_adder.vhd       ; yes             ; User VHDL File               ; E:/Semester_4/Microprocessor_Project/sixteen_bit_full_adder.vhd              ;         ;
; shift_one.vhd                    ; yes             ; User VHDL File               ; E:/Semester_4/Microprocessor_Project/shift_one.vhd                           ;         ;
; Multiplier.vhd                   ; yes             ; User VHDL File               ; E:/Semester_4/Microprocessor_Project/Multiplier.vhd                          ;         ;
; full_adder.vhd                   ; yes             ; User VHDL File               ; E:/Semester_4/Microprocessor_Project/full_adder.vhd                          ;         ;
; preprocessing.vhd                ; yes             ; User VHDL File               ; E:/Semester_4/Microprocessor_Project/preprocessing.vhd                       ;         ;
; postprocessing.vhd               ; yes             ; User VHDL File               ; E:/Semester_4/Microprocessor_Project/postprocessing.vhd                      ;         ;
; PIPO_Register.vhd                ; yes             ; User VHDL File               ; E:/Semester_4/Microprocessor_Project/PIPO_Register.vhd                       ;         ;
; kogge_stone_node.vhd             ; yes             ; User VHDL File               ; E:/Semester_4/Microprocessor_Project/kogge_stone_node.vhd                    ;         ;
; Kogge_stone_adder_subtractor.vhd ; yes             ; User VHDL File               ; E:/Semester_4/Microprocessor_Project/Kogge_stone_adder_subtractor.vhd        ;         ;
; kogge_stone.vhd                  ; yes             ; User VHDL File               ; E:/Semester_4/Microprocessor_Project/kogge_stone.vhd                         ;         ;
; D_Flip_Flop.vhd                  ; yes             ; User VHDL File               ; E:/Semester_4/Microprocessor_Project/D_Flip_Flop.vhd                         ;         ;
; 4_X_1_Mux_16_bit.vhd             ; yes             ; User VHDL File               ; E:/Semester_4/Microprocessor_Project/4_X_1_Mux_16_bit.vhd                    ;         ;
; 2_X_1_Mux_16_Bit.vhd             ; yes             ; User VHDL File               ; E:/Semester_4/Microprocessor_Project/2_X_1_Mux_16_Bit.vhd                    ;         ;
; 2_X_1_Mux.vhd                    ; yes             ; User VHDL File               ; E:/Semester_4/Microprocessor_Project/2_X_1_Mux.vhd                           ;         ;
; Datapath.vhd                     ; yes             ; User VHDL File               ; E:/Semester_4/Microprocessor_Project/Datapath.vhd                            ;         ;
; ALU.vhd                          ; yes             ; User VHDL File               ; E:/Semester_4/Microprocessor_Project/ALU.vhd                                 ;         ;
; shift_four.vhd                   ; yes             ; User VHDL File               ; E:/Semester_4/Microprocessor_Project/shift_four.vhd                          ;         ;
; shift_two.vhd                    ; yes             ; User VHDL File               ; E:/Semester_4/Microprocessor_Project/shift_two.vhd                           ;         ;
; Shifter.vhd                      ; yes             ; User VHDL File               ; E:/Semester_4/Microprocessor_Project/Shifter.vhd                             ;         ;
; PIPO_Register_3_Bit.vhd          ; yes             ; User VHDL File               ; E:/Semester_4/Microprocessor_Project/PIPO_Register_3_Bit.vhd                 ;         ;
; 2_X_1_Mux_3_Bit.vhd              ; yes             ; User VHDL File               ; E:/Semester_4/Microprocessor_Project/2_X_1_Mux_3_Bit.vhd                     ;         ;
; Controlpath.vhd                  ; yes             ; User VHDL File               ; E:/Semester_4/Microprocessor_Project/Controlpath.vhd                         ;         ;
; Data_Memory.vhd                  ; yes             ; User VHDL File               ; E:/Semester_4/Microprocessor_Project/Data_Memory.vhd                         ;         ;
; PDF_CPU.vhd                      ; yes             ; User VHDL File               ; E:/Semester_4/Microprocessor_Project/PDF_CPU.vhd                             ;         ;
; 8_X_1_Demux_1_Bit.vhd            ; yes             ; User VHDL File               ; E:/Semester_4/Microprocessor_Project/8_X_1_Demux_1_Bit.vhd                   ;         ;
; altsyncram.tdf                   ; yes             ; Megafunction                 ; c:/intelfpga_lite/18.1/quartus/libraries/megafunctions/altsyncram.tdf        ;         ;
; stratix_ram_block.inc            ; yes             ; Megafunction                 ; c:/intelfpga_lite/18.1/quartus/libraries/megafunctions/stratix_ram_block.inc ;         ;
; lpm_mux.inc                      ; yes             ; Megafunction                 ; c:/intelfpga_lite/18.1/quartus/libraries/megafunctions/lpm_mux.inc           ;         ;
; lpm_decode.inc                   ; yes             ; Megafunction                 ; c:/intelfpga_lite/18.1/quartus/libraries/megafunctions/lpm_decode.inc        ;         ;
; aglobal181.inc                   ; yes             ; Megafunction                 ; c:/intelfpga_lite/18.1/quartus/libraries/megafunctions/aglobal181.inc        ;         ;
; a_rdenreg.inc                    ; yes             ; Megafunction                 ; c:/intelfpga_lite/18.1/quartus/libraries/megafunctions/a_rdenreg.inc         ;         ;
; altrom.inc                       ; yes             ; Megafunction                 ; c:/intelfpga_lite/18.1/quartus/libraries/megafunctions/altrom.inc            ;         ;
; altram.inc                       ; yes             ; Megafunction                 ; c:/intelfpga_lite/18.1/quartus/libraries/megafunctions/altram.inc            ;         ;
; altdpram.inc                     ; yes             ; Megafunction                 ; c:/intelfpga_lite/18.1/quartus/libraries/megafunctions/altdpram.inc          ;         ;
; db/altsyncram_fmh1.tdf           ; yes             ; Auto-Generated Megafunction  ; E:/Semester_4/Microprocessor_Project/db/altsyncram_fmh1.tdf                  ;         ;
+----------------------------------+-----------------+------------------------------+------------------------------------------------------------------------------+---------+


+---------------------------------------------------------+
; Analysis & Synthesis Resource Usage Summary             ;
+---------------------------------------------+-----------+
; Resource                                    ; Usage     ;
+---------------------------------------------+-----------+
; Estimated Total logic elements              ; 889       ;
;                                             ;           ;
; Total combinational functions               ; 789       ;
; Logic element usage by number of LUT inputs ;           ;
;     -- 4 input functions                    ; 401       ;
;     -- 3 input functions                    ; 298       ;
;     -- <=2 input functions                  ; 90        ;
;                                             ;           ;
; Logic elements by mode                      ;           ;
;     -- normal mode                          ; 754       ;
;     -- arithmetic mode                      ; 35        ;
;                                             ;           ;
; Total registers                             ; 419       ;
;     -- Dedicated logic registers            ; 419       ;
;     -- I/O registers                        ; 0         ;
;                                             ;           ;
; I/O pins                                    ; 103       ;
; Total memory bits                           ; 512       ;
;                                             ;           ;
; Embedded Multiplier 9-bit elements          ; 0         ;
;                                             ;           ;
; Maximum fan-out node                        ; clk~input ;
; Maximum fan-out                             ; 435       ;
; Total fan-out                               ; 4605      ;
; Average fan-out                             ; 3.22      ;
+---------------------------------------------+-----------+


+-------------------------------------------------------------------------------------------------------------------------------------------------------------------------------------------------------------------------------------------------------------------------------------------------------------------------------------------------------------------------------------------+
; Analysis & Synthesis Resource Utilization by Entity                                                                                                                                                                                                                                                                                                                                       ;
+----------------------------------------------------+---------------------+---------------------------+-------------+------------+--------------+---------+-----------+------+--------------+------------+-----------------------------------------------------------------------------------------------------------------------------------+------------------------------+--------------+
; Compilation Hierarchy Node                         ; Combinational ALUTs ; Dedicated Logic Registers ; Memory Bits ; UFM Blocks ; DSP Elements ; DSP 9x9 ; DSP 18x18 ; Pins ; Virtual Pins ; ADC blocks ; Full Hierarchy Name                                                                                                               ; Entity Name                  ; Library Name ;
+----------------------------------------------------+---------------------+---------------------------+-------------+------------+--------------+---------+-----------+------+--------------+------------+-----------------------------------------------------------------------------------------------------------------------------------+------------------------------+--------------+
; |PDF_CPU                                           ; 789 (0)             ; 419 (0)                   ; 512         ; 0          ; 0            ; 0       ; 0         ; 103  ; 0            ; 0          ; |PDF_CPU                                                                                                                          ; PDF_CPU                      ; work         ;
;    |Controlpath:CP|                                ; 149 (149)           ; 114 (114)                 ; 0           ; 0          ; 0            ; 0       ; 0         ; 0    ; 0            ; 0          ; |PDF_CPU|Controlpath:CP                                                                                                           ; Controlpath                  ; work         ;
;    |datapath:DP|                                   ; 602 (0)             ; 252 (0)                   ; 0           ; 0          ; 0            ; 0       ; 0         ; 0    ; 0            ; 0          ; |PDF_CPU|datapath:DP                                                                                                              ; datapath                     ; work         ;
;       |ALU:Arithmetic_Unit|                        ; 214 (0)             ; 0 (0)                     ; 0           ; 0          ; 0            ; 0       ; 0         ; 0    ; 0            ; 0          ; |PDF_CPU|datapath:DP|ALU:Arithmetic_Unit                                                                                          ; ALU                          ; work         ;
;          |kogge_stone_adder_subtractor:Adder|      ; 106 (15)            ; 0 (0)                     ; 0           ; 0          ; 0            ; 0       ; 0         ; 0    ; 0            ; 0          ; |PDF_CPU|datapath:DP|ALU:Arithmetic_Unit|kogge_stone_adder_subtractor:Adder                                                       ; kogge_stone_adder_subtractor ; work         ;
;             |kogge_stone:kogge|                    ; 91 (0)              ; 0 (0)                     ; 0           ; 0          ; 0            ; 0       ; 0         ; 0    ; 0            ; 0          ; |PDF_CPU|datapath:DP|ALU:Arithmetic_Unit|kogge_stone_adder_subtractor:Adder|kogge_stone:kogge                                     ; kogge_stone                  ; work         ;
;                |kogge_stone_node:\inst4:10:inst4a| ; 1 (1)               ; 0 (0)                     ; 0           ; 0          ; 0            ; 0       ; 0         ; 0    ; 0            ; 0          ; |PDF_CPU|datapath:DP|ALU:Arithmetic_Unit|kogge_stone_adder_subtractor:Adder|kogge_stone:kogge|kogge_stone_node:\inst4:10:inst4a   ; kogge_stone_node             ; work         ;
;                |kogge_stone_node:\inst4:11:inst4a| ; 1 (1)               ; 0 (0)                     ; 0           ; 0          ; 0            ; 0       ; 0         ; 0    ; 0            ; 0          ; |PDF_CPU|datapath:DP|ALU:Arithmetic_Unit|kogge_stone_adder_subtractor:Adder|kogge_stone:kogge|kogge_stone_node:\inst4:11:inst4a   ; kogge_stone_node             ; work         ;
;                |kogge_stone_node:\inst4:12:inst4a| ; 1 (1)               ; 0 (0)                     ; 0           ; 0          ; 0            ; 0       ; 0         ; 0    ; 0            ; 0          ; |PDF_CPU|datapath:DP|ALU:Arithmetic_Unit|kogge_stone_adder_subtractor:Adder|kogge_stone:kogge|kogge_stone_node:\inst4:12:inst4a   ; kogge_stone_node             ; work         ;
;                |kogge_stone_node:\inst4:14:inst4a| ; 1 (1)               ; 0 (0)                     ; 0           ; 0          ; 0            ; 0       ; 0         ; 0    ; 0            ; 0          ; |PDF_CPU|datapath:DP|ALU:Arithmetic_Unit|kogge_stone_adder_subtractor:Adder|kogge_stone:kogge|kogge_stone_node:\inst4:14:inst4a   ; kogge_stone_node             ; work         ;
;                |kogge_stone_node:\inst4:1:inst4a|  ; 1 (1)               ; 0 (0)                     ; 0           ; 0          ; 0            ; 0       ; 0         ; 0    ; 0            ; 0          ; |PDF_CPU|datapath:DP|ALU:Arithmetic_Unit|kogge_stone_adder_subtractor:Adder|kogge_stone:kogge|kogge_stone_node:\inst4:1:inst4a    ; kogge_stone_node             ; work         ;
;                |kogge_stone_node:\inst4:2:inst4a|  ; 1 (1)               ; 0 (0)                     ; 0           ; 0          ; 0            ; 0       ; 0         ; 0    ; 0            ; 0          ; |PDF_CPU|datapath:DP|ALU:Arithmetic_Unit|kogge_stone_adder_subtractor:Adder|kogge_stone:kogge|kogge_stone_node:\inst4:2:inst4a    ; kogge_stone_node             ; work         ;
;                |kogge_stone_node:\inst4:3:inst4a|  ; 1 (1)               ; 0 (0)                     ; 0           ; 0          ; 0            ; 0       ; 0         ; 0    ; 0            ; 0          ; |PDF_CPU|datapath:DP|ALU:Arithmetic_Unit|kogge_stone_adder_subtractor:Adder|kogge_stone:kogge|kogge_stone_node:\inst4:3:inst4a    ; kogge_stone_node             ; work         ;
;                |kogge_stone_node:\inst4:4:inst4a|  ; 1 (1)               ; 0 (0)                     ; 0           ; 0          ; 0            ; 0       ; 0         ; 0    ; 0            ; 0          ; |PDF_CPU|datapath:DP|ALU:Arithmetic_Unit|kogge_stone_adder_subtractor:Adder|kogge_stone:kogge|kogge_stone_node:\inst4:4:inst4a    ; kogge_stone_node             ; work         ;
;                |kogge_stone_node:\inst4:5:inst4a|  ; 1 (1)               ; 0 (0)                     ; 0           ; 0          ; 0            ; 0       ; 0         ; 0    ; 0            ; 0          ; |PDF_CPU|datapath:DP|ALU:Arithmetic_Unit|kogge_stone_adder_subtractor:Adder|kogge_stone:kogge|kogge_stone_node:\inst4:5:inst4a    ; kogge_stone_node             ; work         ;
;                |kogge_stone_node:\inst4:6:inst4a|  ; 1 (1)               ; 0 (0)                     ; 0           ; 0          ; 0            ; 0       ; 0         ; 0    ; 0            ; 0          ; |PDF_CPU|datapath:DP|ALU:Arithmetic_Unit|kogge_stone_adder_subtractor:Adder|kogge_stone:kogge|kogge_stone_node:\inst4:6:inst4a    ; kogge_stone_node             ; work         ;
;                |kogge_stone_node:\inst4:7:inst4a|  ; 1 (1)               ; 0 (0)                     ; 0           ; 0          ; 0            ; 0       ; 0         ; 0    ; 0            ; 0          ; |PDF_CPU|datapath:DP|ALU:Arithmetic_Unit|kogge_stone_adder_subtractor:Adder|kogge_stone:kogge|kogge_stone_node:\inst4:7:inst4a    ; kogge_stone_node             ; work         ;
;                |kogge_stone_node:\inst4:8:inst4a|  ; 1 (1)               ; 0 (0)                     ; 0           ; 0          ; 0            ; 0       ; 0         ; 0    ; 0            ; 0          ; |PDF_CPU|datapath:DP|ALU:Arithmetic_Unit|kogge_stone_adder_subtractor:Adder|kogge_stone:kogge|kogge_stone_node:\inst4:8:inst4a    ; kogge_stone_node             ; work         ;
;                |kogge_stone_node:\inst4:9:inst4a|  ; 1 (1)               ; 0 (0)                     ; 0           ; 0          ; 0            ; 0       ; 0         ; 0    ; 0            ; 0          ; |PDF_CPU|datapath:DP|ALU:Arithmetic_Unit|kogge_stone_adder_subtractor:Adder|kogge_stone:kogge|kogge_stone_node:\inst4:9:inst4a    ; kogge_stone_node             ; work         ;
;                |kogge_stone_node:\inst5:10:inst5a| ; 1 (1)               ; 0 (0)                     ; 0           ; 0          ; 0            ; 0       ; 0         ; 0    ; 0            ; 0          ; |PDF_CPU|datapath:DP|ALU:Arithmetic_Unit|kogge_stone_adder_subtractor:Adder|kogge_stone:kogge|kogge_stone_node:\inst5:10:inst5a   ; kogge_stone_node             ; work         ;
;                |kogge_stone_node:\inst5:2:inst5a|  ; 1 (1)               ; 0 (0)                     ; 0           ; 0          ; 0            ; 0       ; 0         ; 0    ; 0            ; 0          ; |PDF_CPU|datapath:DP|ALU:Arithmetic_Unit|kogge_stone_adder_subtractor:Adder|kogge_stone:kogge|kogge_stone_node:\inst5:2:inst5a    ; kogge_stone_node             ; work         ;
;                |kogge_stone_node:\inst5:3:inst5a|  ; 1 (1)               ; 0 (0)                     ; 0           ; 0          ; 0            ; 0       ; 0         ; 0    ; 0            ; 0          ; |PDF_CPU|datapath:DP|ALU:Arithmetic_Unit|kogge_stone_adder_subtractor:Adder|kogge_stone:kogge|kogge_stone_node:\inst5:3:inst5a    ; kogge_stone_node             ; work         ;
;                |kogge_stone_node:\inst5:4:inst5a|  ; 1 (1)               ; 0 (0)                     ; 0           ; 0          ; 0            ; 0       ; 0         ; 0    ; 0            ; 0          ; |PDF_CPU|datapath:DP|ALU:Arithmetic_Unit|kogge_stone_adder_subtractor:Adder|kogge_stone:kogge|kogge_stone_node:\inst5:4:inst5a    ; kogge_stone_node             ; work         ;
;                |kogge_stone_node:\inst5:5:inst5a|  ; 1 (1)               ; 0 (0)                     ; 0           ; 0          ; 0            ; 0       ; 0         ; 0    ; 0            ; 0          ; |PDF_CPU|datapath:DP|ALU:Arithmetic_Unit|kogge_stone_adder_subtractor:Adder|kogge_stone:kogge|kogge_stone_node:\inst5:5:inst5a    ; kogge_stone_node             ; work         ;
;                |kogge_stone_node:\inst5:6:inst5a|  ; 1 (1)               ; 0 (0)                     ; 0           ; 0          ; 0            ; 0       ; 0         ; 0    ; 0            ; 0          ; |PDF_CPU|datapath:DP|ALU:Arithmetic_Unit|kogge_stone_adder_subtractor:Adder|kogge_stone:kogge|kogge_stone_node:\inst5:6:inst5a    ; kogge_stone_node             ; work         ;
;                |kogge_stone_node:\inst5:7:inst5a|  ; 1 (1)               ; 0 (0)                     ; 0           ; 0          ; 0            ; 0       ; 0         ; 0    ; 0            ; 0          ; |PDF_CPU|datapath:DP|ALU:Arithmetic_Unit|kogge_stone_adder_subtractor:Adder|kogge_stone:kogge|kogge_stone_node:\inst5:7:inst5a    ; kogge_stone_node             ; work         ;
;                |kogge_stone_node:\inst6:13:inst6a| ; 1 (1)               ; 0 (0)                     ; 0           ; 0          ; 0            ; 0       ; 0         ; 0    ; 0            ; 0          ; |PDF_CPU|datapath:DP|ALU:Arithmetic_Unit|kogge_stone_adder_subtractor:Adder|kogge_stone:kogge|kogge_stone_node:\inst6:13:inst6a   ; kogge_stone_node             ; work         ;
;                |kogge_stone_node:\inst6:14:inst6a| ; 1 (1)               ; 0 (0)                     ; 0           ; 0          ; 0            ; 0       ; 0         ; 0    ; 0            ; 0          ; |PDF_CPU|datapath:DP|ALU:Arithmetic_Unit|kogge_stone_adder_subtractor:Adder|kogge_stone:kogge|kogge_stone_node:\inst6:14:inst6a   ; kogge_stone_node             ; work         ;
;                |kogge_stone_node:\inst6:4:inst6a|  ; 3 (3)               ; 0 (0)                     ; 0           ; 0          ; 0            ; 0       ; 0         ; 0    ; 0            ; 0          ; |PDF_CPU|datapath:DP|ALU:Arithmetic_Unit|kogge_stone_adder_subtractor:Adder|kogge_stone:kogge|kogge_stone_node:\inst6:4:inst6a    ; kogge_stone_node             ; work         ;
;                |kogge_stone_node:\inst6:5:inst6a|  ; 2 (2)               ; 0 (0)                     ; 0           ; 0          ; 0            ; 0       ; 0         ; 0    ; 0            ; 0          ; |PDF_CPU|datapath:DP|ALU:Arithmetic_Unit|kogge_stone_adder_subtractor:Adder|kogge_stone:kogge|kogge_stone_node:\inst6:5:inst6a    ; kogge_stone_node             ; work         ;
;                |kogge_stone_node:\inst6:6:inst6a|  ; 1 (1)               ; 0 (0)                     ; 0           ; 0          ; 0            ; 0       ; 0         ; 0    ; 0            ; 0          ; |PDF_CPU|datapath:DP|ALU:Arithmetic_Unit|kogge_stone_adder_subtractor:Adder|kogge_stone:kogge|kogge_stone_node:\inst6:6:inst6a    ; kogge_stone_node             ; work         ;
;                |postprocessing:inst8|              ; 53 (53)             ; 0 (0)                     ; 0           ; 0          ; 0            ; 0       ; 0         ; 0    ; 0            ; 0          ; |PDF_CPU|datapath:DP|ALU:Arithmetic_Unit|kogge_stone_adder_subtractor:Adder|kogge_stone:kogge|postprocessing:inst8                ; postprocessing               ; work         ;
;                |preprocessing:inst1|               ; 10 (10)             ; 0 (0)                     ; 0           ; 0          ; 0            ; 0       ; 0         ; 0    ; 0            ; 0          ; |PDF_CPU|datapath:DP|ALU:Arithmetic_Unit|kogge_stone_adder_subtractor:Adder|kogge_stone:kogge|preprocessing:inst1                 ; preprocessing                ; work         ;
;          |multiplier:Multiplier_entity|            ; 27 (0)              ; 0 (0)                     ; 0           ; 0          ; 0            ; 0       ; 0         ; 0    ; 0            ; 0          ; |PDF_CPU|datapath:DP|ALU:Arithmetic_Unit|multiplier:Multiplier_entity                                                             ; multiplier                   ; work         ;
;             |AND_2:\for_1:0:inst4|                 ; 1 (1)               ; 0 (0)                     ; 0           ; 0          ; 0            ; 0       ; 0         ; 0    ; 0            ; 0          ; |PDF_CPU|datapath:DP|ALU:Arithmetic_Unit|multiplier:Multiplier_entity|AND_2:\for_1:0:inst4                                        ; AND_2                        ; work         ;
;             |AND_2:\for_1:1:inst2|                 ; 1 (1)               ; 0 (0)                     ; 0           ; 0          ; 0            ; 0       ; 0         ; 0    ; 0            ; 0          ; |PDF_CPU|datapath:DP|ALU:Arithmetic_Unit|multiplier:Multiplier_entity|AND_2:\for_1:1:inst2                                        ; AND_2                        ; work         ;
;             |AND_2:\for_1:1:inst3|                 ; 1 (1)               ; 0 (0)                     ; 0           ; 0          ; 0            ; 0       ; 0         ; 0    ; 0            ; 0          ; |PDF_CPU|datapath:DP|ALU:Arithmetic_Unit|multiplier:Multiplier_entity|AND_2:\for_1:1:inst3                                        ; AND_2                        ; work         ;
;             |AND_2:\for_1:1:inst4|                 ; 1 (1)               ; 0 (0)                     ; 0           ; 0          ; 0            ; 0       ; 0         ; 0    ; 0            ; 0          ; |PDF_CPU|datapath:DP|ALU:Arithmetic_Unit|multiplier:Multiplier_entity|AND_2:\for_1:1:inst4                                        ; AND_2                        ; work         ;
;             |AND_2:\for_1:2:inst2|                 ; 1 (1)               ; 0 (0)                     ; 0           ; 0          ; 0            ; 0       ; 0         ; 0    ; 0            ; 0          ; |PDF_CPU|datapath:DP|ALU:Arithmetic_Unit|multiplier:Multiplier_entity|AND_2:\for_1:2:inst2                                        ; AND_2                        ; work         ;
;             |AND_2:\for_1:2:inst4|                 ; 1 (1)               ; 0 (0)                     ; 0           ; 0          ; 0            ; 0       ; 0         ; 0    ; 0            ; 0          ; |PDF_CPU|datapath:DP|ALU:Arithmetic_Unit|multiplier:Multiplier_entity|AND_2:\for_1:2:inst4                                        ; AND_2                        ; work         ;
;             |sixteen_bit_full_adder:inst15|        ; 8 (0)               ; 0 (0)                     ; 0           ; 0          ; 0            ; 0       ; 0         ; 0    ; 0            ; 0          ; |PDF_CPU|datapath:DP|ALU:Arithmetic_Unit|multiplier:Multiplier_entity|sixteen_bit_full_adder:inst15                               ; sixteen_bit_full_adder       ; work         ;
;                |full_adder:inst3|                  ; 2 (0)               ; 0 (0)                     ; 0           ; 0          ; 0            ; 0       ; 0         ; 0    ; 0            ; 0          ; |PDF_CPU|datapath:DP|ALU:Arithmetic_Unit|multiplier:Multiplier_entity|sixteen_bit_full_adder:inst15|full_adder:inst3              ; full_adder                   ; work         ;
;                   |NAND_2:inst4|                   ; 1 (1)               ; 0 (0)                     ; 0           ; 0          ; 0            ; 0       ; 0         ; 0    ; 0            ; 0          ; |PDF_CPU|datapath:DP|ALU:Arithmetic_Unit|multiplier:Multiplier_entity|sixteen_bit_full_adder:inst15|full_adder:inst3|NAND_2:inst4 ; NAND_2                       ; work         ;
;                   |XOR_2:inst1|                    ; 1 (1)               ; 0 (0)                     ; 0           ; 0          ; 0            ; 0       ; 0         ; 0    ; 0            ; 0          ; |PDF_CPU|datapath:DP|ALU:Arithmetic_Unit|multiplier:Multiplier_entity|sixteen_bit_full_adder:inst15|full_adder:inst3|XOR_2:inst1  ; XOR_2                        ; work         ;
;                |full_adder:inst4|                  ; 2 (0)               ; 0 (0)                     ; 0           ; 0          ; 0            ; 0       ; 0         ; 0    ; 0            ; 0          ; |PDF_CPU|datapath:DP|ALU:Arithmetic_Unit|multiplier:Multiplier_entity|sixteen_bit_full_adder:inst15|full_adder:inst4              ; full_adder                   ; work         ;
;                   |NAND_2:inst5|                   ; 1 (1)               ; 0 (0)                     ; 0           ; 0          ; 0            ; 0       ; 0         ; 0    ; 0            ; 0          ; |PDF_CPU|datapath:DP|ALU:Arithmetic_Unit|multiplier:Multiplier_entity|sixteen_bit_full_adder:inst15|full_adder:inst4|NAND_2:inst5 ; NAND_2                       ; work         ;
;                   |XOR_2:inst2|                    ; 1 (1)               ; 0 (0)                     ; 0           ; 0          ; 0            ; 0       ; 0         ; 0    ; 0            ; 0          ; |PDF_CPU|datapath:DP|ALU:Arithmetic_Unit|multiplier:Multiplier_entity|sixteen_bit_full_adder:inst15|full_adder:inst4|XOR_2:inst2  ; XOR_2                        ; work         ;
;                |full_adder:inst5|                  ; 2 (0)               ; 0 (0)                     ; 0           ; 0          ; 0            ; 0       ; 0         ; 0    ; 0            ; 0          ; |PDF_CPU|datapath:DP|ALU:Arithmetic_Unit|multiplier:Multiplier_entity|sixteen_bit_full_adder:inst15|full_adder:inst5              ; full_adder                   ; work         ;
;                   |NAND_2:inst5|                   ; 1 (1)               ; 0 (0)                     ; 0           ; 0          ; 0            ; 0       ; 0         ; 0    ; 0            ; 0          ; |PDF_CPU|datapath:DP|ALU:Arithmetic_Unit|multiplier:Multiplier_entity|sixteen_bit_full_adder:inst15|full_adder:inst5|NAND_2:inst5 ; NAND_2                       ; work         ;
;                   |XOR_2:inst2|                    ; 1 (1)               ; 0 (0)                     ; 0           ; 0          ; 0            ; 0       ; 0         ; 0    ; 0            ; 0          ; |PDF_CPU|datapath:DP|ALU:Arithmetic_Unit|multiplier:Multiplier_entity|sixteen_bit_full_adder:inst15|full_adder:inst5|XOR_2:inst2  ; XOR_2                        ; work         ;
;                |full_adder:inst6|                  ; 2 (0)               ; 0 (0)                     ; 0           ; 0          ; 0            ; 0       ; 0         ; 0    ; 0            ; 0          ; |PDF_CPU|datapath:DP|ALU:Arithmetic_Unit|multiplier:Multiplier_entity|sixteen_bit_full_adder:inst15|full_adder:inst6              ; full_adder                   ; work         ;
;                   |NAND_2:inst3|                   ; 1 (1)               ; 0 (0)                     ; 0           ; 0          ; 0            ; 0       ; 0         ; 0    ; 0            ; 0          ; |PDF_CPU|datapath:DP|ALU:Arithmetic_Unit|multiplier:Multiplier_entity|sixteen_bit_full_adder:inst15|full_adder:inst6|NAND_2:inst3 ; NAND_2                       ; work         ;
;                   |XOR_2:inst2|                    ; 1 (1)               ; 0 (0)                     ; 0           ; 0          ; 0            ; 0       ; 0         ; 0    ; 0            ; 0          ; |PDF_CPU|datapath:DP|ALU:Arithmetic_Unit|multiplier:Multiplier_entity|sixteen_bit_full_adder:inst15|full_adder:inst6|XOR_2:inst2  ; XOR_2                        ; work         ;
;             |sixteen_bit_full_adder:inst16|        ; 6 (0)               ; 0 (0)                     ; 0           ; 0          ; 0            ; 0       ; 0         ; 0    ; 0            ; 0          ; |PDF_CPU|datapath:DP|ALU:Arithmetic_Unit|multiplier:Multiplier_entity|sixteen_bit_full_adder:inst16                               ; sixteen_bit_full_adder       ; work         ;
;                |full_adder:inst5|                  ; 1 (0)               ; 0 (0)                     ; 0           ; 0          ; 0            ; 0       ; 0         ; 0    ; 0            ; 0          ; |PDF_CPU|datapath:DP|ALU:Arithmetic_Unit|multiplier:Multiplier_entity|sixteen_bit_full_adder:inst16|full_adder:inst5              ; full_adder                   ; work         ;
;                   |NAND_2:inst4|                   ; 1 (1)               ; 0 (0)                     ; 0           ; 0          ; 0            ; 0       ; 0         ; 0    ; 0            ; 0          ; |PDF_CPU|datapath:DP|ALU:Arithmetic_Unit|multiplier:Multiplier_entity|sixteen_bit_full_adder:inst16|full_adder:inst5|NAND_2:inst4 ; NAND_2                       ; work         ;
;                |full_adder:inst6|                  ; 2 (0)               ; 0 (0)                     ; 0           ; 0          ; 0            ; 0       ; 0         ; 0    ; 0            ; 0          ; |PDF_CPU|datapath:DP|ALU:Arithmetic_Unit|multiplier:Multiplier_entity|sixteen_bit_full_adder:inst16|full_adder:inst6              ; full_adder                   ; work         ;
;                   |NAND_2:inst5|                   ; 1 (1)               ; 0 (0)                     ; 0           ; 0          ; 0            ; 0       ; 0         ; 0    ; 0            ; 0          ; |PDF_CPU|datapath:DP|ALU:Arithmetic_Unit|multiplier:Multiplier_entity|sixteen_bit_full_adder:inst16|full_adder:inst6|NAND_2:inst5 ; NAND_2                       ; work         ;
;                   |XOR_2:inst1|                    ; 1 (1)               ; 0 (0)                     ; 0           ; 0          ; 0            ; 0       ; 0         ; 0    ; 0            ; 0          ; |PDF_CPU|datapath:DP|ALU:Arithmetic_Unit|multiplier:Multiplier_entity|sixteen_bit_full_adder:inst16|full_adder:inst6|XOR_2:inst1  ; XOR_2                        ; work         ;
;                |full_adder:inst7|                  ; 2 (0)               ; 0 (0)                     ; 0           ; 0          ; 0            ; 0       ; 0         ; 0    ; 0            ; 0          ; |PDF_CPU|datapath:DP|ALU:Arithmetic_Unit|multiplier:Multiplier_entity|sixteen_bit_full_adder:inst16|full_adder:inst7              ; full_adder                   ; work         ;
;                   |NAND_2:inst5|                   ; 1 (1)               ; 0 (0)                     ; 0           ; 0          ; 0            ; 0       ; 0         ; 0    ; 0            ; 0          ; |PDF_CPU|datapath:DP|ALU:Arithmetic_Unit|multiplier:Multiplier_entity|sixteen_bit_full_adder:inst16|full_adder:inst7|NAND_2:inst5 ; NAND_2                       ; work         ;
;                   |XOR_2:inst1|                    ; 1 (1)               ; 0 (0)                     ; 0           ; 0          ; 0            ; 0       ; 0         ; 0    ; 0            ; 0          ; |PDF_CPU|datapath:DP|ALU:Arithmetic_Unit|multiplier:Multiplier_entity|sixteen_bit_full_adder:inst16|full_adder:inst7|XOR_2:inst1  ; XOR_2                        ; work         ;
;                |full_adder:inst8|                  ; 1 (0)               ; 0 (0)                     ; 0           ; 0          ; 0            ; 0       ; 0         ; 0    ; 0            ; 0          ; |PDF_CPU|datapath:DP|ALU:Arithmetic_Unit|multiplier:Multiplier_entity|sixteen_bit_full_adder:inst16|full_adder:inst8              ; full_adder                   ; work         ;
;                   |XOR_2:inst2|                    ; 1 (1)               ; 0 (0)                     ; 0           ; 0          ; 0            ; 0       ; 0         ; 0    ; 0            ; 0          ; |PDF_CPU|datapath:DP|ALU:Arithmetic_Unit|multiplier:Multiplier_entity|sixteen_bit_full_adder:inst16|full_adder:inst8|XOR_2:inst2  ; XOR_2                        ; work         ;
;             |sixteen_bit_full_adder:inst17|        ; 7 (0)               ; 0 (0)                     ; 0           ; 0          ; 0            ; 0       ; 0         ; 0    ; 0            ; 0          ; |PDF_CPU|datapath:DP|ALU:Arithmetic_Unit|multiplier:Multiplier_entity|sixteen_bit_full_adder:inst17                               ; sixteen_bit_full_adder       ; work         ;
;                |full_adder:inst4|                  ; 1 (0)               ; 0 (0)                     ; 0           ; 0          ; 0            ; 0       ; 0         ; 0    ; 0            ; 0          ; |PDF_CPU|datapath:DP|ALU:Arithmetic_Unit|multiplier:Multiplier_entity|sixteen_bit_full_adder:inst17|full_adder:inst4              ; full_adder                   ; work         ;
;                   |NAND_2:inst4|                   ; 1 (1)               ; 0 (0)                     ; 0           ; 0          ; 0            ; 0       ; 0         ; 0    ; 0            ; 0          ; |PDF_CPU|datapath:DP|ALU:Arithmetic_Unit|multiplier:Multiplier_entity|sixteen_bit_full_adder:inst17|full_adder:inst4|NAND_2:inst4 ; NAND_2                       ; work         ;
;                |full_adder:inst5|                  ; 2 (0)               ; 0 (0)                     ; 0           ; 0          ; 0            ; 0       ; 0         ; 0    ; 0            ; 0          ; |PDF_CPU|datapath:DP|ALU:Arithmetic_Unit|multiplier:Multiplier_entity|sixteen_bit_full_adder:inst17|full_adder:inst5              ; full_adder                   ; work         ;
;                   |NAND_2:inst5|                   ; 1 (1)               ; 0 (0)                     ; 0           ; 0          ; 0            ; 0       ; 0         ; 0    ; 0            ; 0          ; |PDF_CPU|datapath:DP|ALU:Arithmetic_Unit|multiplier:Multiplier_entity|sixteen_bit_full_adder:inst17|full_adder:inst5|NAND_2:inst5 ; NAND_2                       ; work         ;
;                   |XOR_2:inst2|                    ; 1 (1)               ; 0 (0)                     ; 0           ; 0          ; 0            ; 0       ; 0         ; 0    ; 0            ; 0          ; |PDF_CPU|datapath:DP|ALU:Arithmetic_Unit|multiplier:Multiplier_entity|sixteen_bit_full_adder:inst17|full_adder:inst5|XOR_2:inst2  ; XOR_2                        ; work         ;
;                |full_adder:inst6|                  ; 2 (0)               ; 0 (0)                     ; 0           ; 0          ; 0            ; 0       ; 0         ; 0    ; 0            ; 0          ; |PDF_CPU|datapath:DP|ALU:Arithmetic_Unit|multiplier:Multiplier_entity|sixteen_bit_full_adder:inst17|full_adder:inst6              ; full_adder                   ; work         ;
;                   |NAND_2:inst5|                   ; 1 (1)               ; 0 (0)                     ; 0           ; 0          ; 0            ; 0       ; 0         ; 0    ; 0            ; 0          ; |PDF_CPU|datapath:DP|ALU:Arithmetic_Unit|multiplier:Multiplier_entity|sixteen_bit_full_adder:inst17|full_adder:inst6|NAND_2:inst5 ; NAND_2                       ; work         ;
;                   |XOR_2:inst2|                    ; 1 (1)               ; 0 (0)                     ; 0           ; 0          ; 0            ; 0       ; 0         ; 0    ; 0            ; 0          ; |PDF_CPU|datapath:DP|ALU:Arithmetic_Unit|multiplier:Multiplier_entity|sixteen_bit_full_adder:inst17|full_adder:inst6|XOR_2:inst2  ; XOR_2                        ; work         ;
;                |full_adder:inst7|                  ; 2 (0)               ; 0 (0)                     ; 0           ; 0          ; 0            ; 0       ; 0         ; 0    ; 0            ; 0          ; |PDF_CPU|datapath:DP|ALU:Arithmetic_Unit|multiplier:Multiplier_entity|sixteen_bit_full_adder:inst17|full_adder:inst7              ; full_adder                   ; work         ;
;                   |NAND_2:inst5|                   ; 1 (1)               ; 0 (0)                     ; 0           ; 0          ; 0            ; 0       ; 0         ; 0    ; 0            ; 0          ; |PDF_CPU|datapath:DP|ALU:Arithmetic_Unit|multiplier:Multiplier_entity|sixteen_bit_full_adder:inst17|full_adder:inst7|NAND_2:inst5 ; NAND_2                       ; work         ;
;                   |XOR_2:inst2|                    ; 1 (1)               ; 0 (0)                     ; 0           ; 0          ; 0            ; 0       ; 0         ; 0    ; 0            ; 0          ; |PDF_CPU|datapath:DP|ALU:Arithmetic_Unit|multiplier:Multiplier_entity|sixteen_bit_full_adder:inst17|full_adder:inst7|XOR_2:inst2  ; XOR_2                        ; work         ;
;          |mux_4x1_16bit:Mux_Out|                   ; 49 (49)             ; 0 (0)                     ; 0           ; 0          ; 0            ; 0       ; 0         ; 0    ; 0            ; 0          ; |PDF_CPU|datapath:DP|ALU:Arithmetic_Unit|mux_4x1_16bit:Mux_Out                                                                    ; mux_4x1_16bit                ; work         ;
;          |shifter:Shift|                           ; 32 (0)              ; 0 (0)                     ; 0           ; 0          ; 0            ; 0       ; 0         ; 0    ; 0            ; 0          ; |PDF_CPU|datapath:DP|ALU:Arithmetic_Unit|shifter:Shift                                                                            ; shifter                      ; work         ;
;             |shift_four:four|                      ; 7 (0)               ; 0 (0)                     ; 0           ; 0          ; 0            ; 0       ; 0         ; 0    ; 0            ; 0          ; |PDF_CPU|datapath:DP|ALU:Arithmetic_Unit|shifter:Shift|shift_four:four                                                            ; shift_four                   ; work         ;
;                |mux_2x1_16bit:mux|                 ; 7 (7)               ; 0 (0)                     ; 0           ; 0          ; 0            ; 0       ; 0         ; 0    ; 0            ; 0          ; |PDF_CPU|datapath:DP|ALU:Arithmetic_Unit|shifter:Shift|shift_four:four|mux_2x1_16bit:mux                                          ; mux_2x1_16bit                ; work         ;
;             |shift_one:one|                        ; 5 (0)               ; 0 (0)                     ; 0           ; 0          ; 0            ; 0       ; 0         ; 0    ; 0            ; 0          ; |PDF_CPU|datapath:DP|ALU:Arithmetic_Unit|shifter:Shift|shift_one:one                                                              ; shift_one                    ; work         ;
;                |mux_2x1_16bit:mux|                 ; 5 (5)               ; 0 (0)                     ; 0           ; 0          ; 0            ; 0       ; 0         ; 0    ; 0            ; 0          ; |PDF_CPU|datapath:DP|ALU:Arithmetic_Unit|shifter:Shift|shift_one:one|mux_2x1_16bit:mux                                            ; mux_2x1_16bit                ; work         ;
;             |shift_two:two|                        ; 20 (0)              ; 0 (0)                     ; 0           ; 0          ; 0            ; 0       ; 0         ; 0    ; 0            ; 0          ; |PDF_CPU|datapath:DP|ALU:Arithmetic_Unit|shifter:Shift|shift_two:two                                                              ; shift_two                    ; work         ;
;                |mux_2x1_16bit:mux|                 ; 20 (20)             ; 0 (0)                     ; 0           ; 0          ; 0            ; 0       ; 0         ; 0    ; 0            ; 0          ; |PDF_CPU|datapath:DP|ALU:Arithmetic_Unit|shifter:Shift|shift_two:two|mux_2x1_16bit:mux                                            ; mux_2x1_16bit                ; work         ;
;       |mux_2x1_16bit:R2_Data_Mux|                  ; 80 (80)             ; 0 (0)                     ; 0           ; 0          ; 0            ; 0       ; 0         ; 0    ; 0            ; 0          ; |PDF_CPU|datapath:DP|mux_2x1_16bit:R2_Data_Mux                                                                                    ; mux_2x1_16bit                ; work         ;
;       |mux_2x1_16bit:RWB_Mux|                      ; 16 (16)             ; 0 (0)                     ; 0           ; 0          ; 0            ; 0       ; 0         ; 0    ; 0            ; 0          ; |PDF_CPU|datapath:DP|mux_2x1_16bit:RWB_Mux                                                                                        ; mux_2x1_16bit                ; work         ;
;       |mux_2x1_3bit:Source_Reg_Mux|                ; 3 (3)               ; 0 (0)                     ; 0           ; 0          ; 0            ; 0       ; 0         ; 0    ; 0            ; 0          ; |PDF_CPU|datapath:DP|mux_2x1_3bit:Source_Reg_Mux                                                                                  ; mux_2x1_3bit                 ; work         ;
;       |mux_4x1_16bit:Nxt_Address_Mux|              ; 26 (26)             ; 0 (0)                     ; 0           ; 0          ; 0            ; 0       ; 0         ; 0    ; 0            ; 0          ; |PDF_CPU|datapath:DP|mux_4x1_16bit:Nxt_Address_Mux                                                                                ; mux_4x1_16bit                ; work         ;
;       |pipo_register:IR_Reg|                       ; 0 (0)               ; 12 (0)                    ; 0           ; 0          ; 0            ; 0       ; 0         ; 0    ; 0            ; 0          ; |PDF_CPU|datapath:DP|pipo_register:IR_Reg                                                                                         ; pipo_register                ; work         ;
;          |d_ff:\gen_dff:0:dffi|                    ; 0 (0)               ; 1 (1)                     ; 0           ; 0          ; 0            ; 0       ; 0         ; 0    ; 0            ; 0          ; |PDF_CPU|datapath:DP|pipo_register:IR_Reg|d_ff:\gen_dff:0:dffi                                                                    ; d_ff                         ; work         ;
;          |d_ff:\gen_dff:10:dffi|                   ; 0 (0)               ; 1 (1)                     ; 0           ; 0          ; 0            ; 0       ; 0         ; 0    ; 0            ; 0          ; |PDF_CPU|datapath:DP|pipo_register:IR_Reg|d_ff:\gen_dff:10:dffi                                                                   ; d_ff                         ; work         ;
;          |d_ff:\gen_dff:11:dffi|                   ; 0 (0)               ; 1 (1)                     ; 0           ; 0          ; 0            ; 0       ; 0         ; 0    ; 0            ; 0          ; |PDF_CPU|datapath:DP|pipo_register:IR_Reg|d_ff:\gen_dff:11:dffi                                                                   ; d_ff                         ; work         ;
;          |d_ff:\gen_dff:1:dffi|                    ; 0 (0)               ; 1 (1)                     ; 0           ; 0          ; 0            ; 0       ; 0         ; 0    ; 0            ; 0          ; |PDF_CPU|datapath:DP|pipo_register:IR_Reg|d_ff:\gen_dff:1:dffi                                                                    ; d_ff                         ; work         ;
;          |d_ff:\gen_dff:2:dffi|                    ; 0 (0)               ; 1 (1)                     ; 0           ; 0          ; 0            ; 0       ; 0         ; 0    ; 0            ; 0          ; |PDF_CPU|datapath:DP|pipo_register:IR_Reg|d_ff:\gen_dff:2:dffi                                                                    ; d_ff                         ; work         ;
;          |d_ff:\gen_dff:3:dffi|                    ; 0 (0)               ; 1 (1)                     ; 0           ; 0          ; 0            ; 0       ; 0         ; 0    ; 0            ; 0          ; |PDF_CPU|datapath:DP|pipo_register:IR_Reg|d_ff:\gen_dff:3:dffi                                                                    ; d_ff                         ; work         ;
;          |d_ff:\gen_dff:4:dffi|                    ; 0 (0)               ; 1 (1)                     ; 0           ; 0          ; 0            ; 0       ; 0         ; 0    ; 0            ; 0          ; |PDF_CPU|datapath:DP|pipo_register:IR_Reg|d_ff:\gen_dff:4:dffi                                                                    ; d_ff                         ; work         ;
;          |d_ff:\gen_dff:5:dffi|                    ; 0 (0)               ; 1 (1)                     ; 0           ; 0          ; 0            ; 0       ; 0         ; 0    ; 0            ; 0          ; |PDF_CPU|datapath:DP|pipo_register:IR_Reg|d_ff:\gen_dff:5:dffi                                                                    ; d_ff                         ; work         ;
;          |d_ff:\gen_dff:6:dffi|                    ; 0 (0)               ; 1 (1)                     ; 0           ; 0          ; 0            ; 0       ; 0         ; 0    ; 0            ; 0          ; |PDF_CPU|datapath:DP|pipo_register:IR_Reg|d_ff:\gen_dff:6:dffi                                                                    ; d_ff                         ; work         ;
;          |d_ff:\gen_dff:7:dffi|                    ; 0 (0)               ; 1 (1)                     ; 0           ; 0          ; 0            ; 0       ; 0         ; 0    ; 0            ; 0          ; |PDF_CPU|datapath:DP|pipo_register:IR_Reg|d_ff:\gen_dff:7:dffi                                                                    ; d_ff                         ; work         ;
;          |d_ff:\gen_dff:8:dffi|                    ; 0 (0)               ; 1 (1)                     ; 0           ; 0          ; 0            ; 0       ; 0         ; 0    ; 0            ; 0          ; |PDF_CPU|datapath:DP|pipo_register:IR_Reg|d_ff:\gen_dff:8:dffi                                                                    ; d_ff                         ; work         ;
;          |d_ff:\gen_dff:9:dffi|                    ; 0 (0)               ; 1 (1)                     ; 0           ; 0          ; 0            ; 0       ; 0         ; 0    ; 0            ; 0          ; |PDF_CPU|datapath:DP|pipo_register:IR_Reg|d_ff:\gen_dff:9:dffi                                                                    ; d_ff                         ; work         ;
;       |pipo_register:PC_Reg|                       ; 0 (0)               ; 16 (0)                    ; 0           ; 0          ; 0            ; 0       ; 0         ; 0    ; 0            ; 0          ; |PDF_CPU|datapath:DP|pipo_register:PC_Reg                                                                                         ; pipo_register                ; work         ;
;          |d_ff:\gen_dff:0:dffi|                    ; 0 (0)               ; 1 (1)                     ; 0           ; 0          ; 0            ; 0       ; 0         ; 0    ; 0            ; 0          ; |PDF_CPU|datapath:DP|pipo_register:PC_Reg|d_ff:\gen_dff:0:dffi                                                                    ; d_ff                         ; work         ;
;          |d_ff:\gen_dff:10:dffi|                   ; 0 (0)               ; 1 (1)                     ; 0           ; 0          ; 0            ; 0       ; 0         ; 0    ; 0            ; 0          ; |PDF_CPU|datapath:DP|pipo_register:PC_Reg|d_ff:\gen_dff:10:dffi                                                                   ; d_ff                         ; work         ;
;          |d_ff:\gen_dff:11:dffi|                   ; 0 (0)               ; 1 (1)                     ; 0           ; 0          ; 0            ; 0       ; 0         ; 0    ; 0            ; 0          ; |PDF_CPU|datapath:DP|pipo_register:PC_Reg|d_ff:\gen_dff:11:dffi                                                                   ; d_ff                         ; work         ;
;          |d_ff:\gen_dff:12:dffi|                   ; 0 (0)               ; 1 (1)                     ; 0           ; 0          ; 0            ; 0       ; 0         ; 0    ; 0            ; 0          ; |PDF_CPU|datapath:DP|pipo_register:PC_Reg|d_ff:\gen_dff:12:dffi                                                                   ; d_ff                         ; work         ;
;          |d_ff:\gen_dff:13:dffi|                   ; 0 (0)               ; 1 (1)                     ; 0           ; 0          ; 0            ; 0       ; 0         ; 0    ; 0            ; 0          ; |PDF_CPU|datapath:DP|pipo_register:PC_Reg|d_ff:\gen_dff:13:dffi                                                                   ; d_ff                         ; work         ;
;          |d_ff:\gen_dff:14:dffi|                   ; 0 (0)               ; 1 (1)                     ; 0           ; 0          ; 0            ; 0       ; 0         ; 0    ; 0            ; 0          ; |PDF_CPU|datapath:DP|pipo_register:PC_Reg|d_ff:\gen_dff:14:dffi                                                                   ; d_ff                         ; work         ;
;          |d_ff:\gen_dff:15:dffi|                   ; 0 (0)               ; 1 (1)                     ; 0           ; 0          ; 0            ; 0       ; 0         ; 0    ; 0            ; 0          ; |PDF_CPU|datapath:DP|pipo_register:PC_Reg|d_ff:\gen_dff:15:dffi                                                                   ; d_ff                         ; work         ;
;          |d_ff:\gen_dff:1:dffi|                    ; 0 (0)               ; 1 (1)                     ; 0           ; 0          ; 0            ; 0       ; 0         ; 0    ; 0            ; 0          ; |PDF_CPU|datapath:DP|pipo_register:PC_Reg|d_ff:\gen_dff:1:dffi                                                                    ; d_ff                         ; work         ;
;          |d_ff:\gen_dff:2:dffi|                    ; 0 (0)               ; 1 (1)                     ; 0           ; 0          ; 0            ; 0       ; 0         ; 0    ; 0            ; 0          ; |PDF_CPU|datapath:DP|pipo_register:PC_Reg|d_ff:\gen_dff:2:dffi                                                                    ; d_ff                         ; work         ;
;          |d_ff:\gen_dff:3:dffi|                    ; 0 (0)               ; 1 (1)                     ; 0           ; 0          ; 0            ; 0       ; 0         ; 0    ; 0            ; 0          ; |PDF_CPU|datapath:DP|pipo_register:PC_Reg|d_ff:\gen_dff:3:dffi                                                                    ; d_ff                         ; work         ;
;          |d_ff:\gen_dff:4:dffi|                    ; 0 (0)               ; 1 (1)                     ; 0           ; 0          ; 0            ; 0       ; 0         ; 0    ; 0            ; 0          ; |PDF_CPU|datapath:DP|pipo_register:PC_Reg|d_ff:\gen_dff:4:dffi                                                                    ; d_ff                         ; work         ;
;          |d_ff:\gen_dff:5:dffi|                    ; 0 (0)               ; 1 (1)                     ; 0           ; 0          ; 0            ; 0       ; 0         ; 0    ; 0            ; 0          ; |PDF_CPU|datapath:DP|pipo_register:PC_Reg|d_ff:\gen_dff:5:dffi                                                                    ; d_ff                         ; work         ;
;          |d_ff:\gen_dff:6:dffi|                    ; 0 (0)               ; 1 (1)                     ; 0           ; 0          ; 0            ; 0       ; 0         ; 0    ; 0            ; 0          ; |PDF_CPU|datapath:DP|pipo_register:PC_Reg|d_ff:\gen_dff:6:dffi                                                                    ; d_ff                         ; work         ;
;          |d_ff:\gen_dff:7:dffi|                    ; 0 (0)               ; 1 (1)                     ; 0           ; 0          ; 0            ; 0       ; 0         ; 0    ; 0            ; 0          ; |PDF_CPU|datapath:DP|pipo_register:PC_Reg|d_ff:\gen_dff:7:dffi                                                                    ; d_ff                         ; work         ;
;          |d_ff:\gen_dff:8:dffi|                    ; 0 (0)               ; 1 (1)                     ; 0           ; 0          ; 0            ; 0       ; 0         ; 0    ; 0            ; 0          ; |PDF_CPU|datapath:DP|pipo_register:PC_Reg|d_ff:\gen_dff:8:dffi                                                                    ; d_ff                         ; work         ;
;          |d_ff:\gen_dff:9:dffi|                    ; 0 (0)               ; 1 (1)                     ; 0           ; 0          ; 0            ; 0       ; 0         ; 0    ; 0            ; 0          ; |PDF_CPU|datapath:DP|pipo_register:PC_Reg|d_ff:\gen_dff:9:dffi                                                                    ; d_ff                         ; work         ;
;       |pipo_register:PC_Store_Reg|                 ; 0 (0)               ; 7 (0)                     ; 0           ; 0          ; 0            ; 0       ; 0         ; 0    ; 0            ; 0          ; |PDF_CPU|datapath:DP|pipo_register:PC_Store_Reg                                                                                   ; pipo_register                ; work         ;
;          |d_ff:\gen_dff:10:dffi|                   ; 0 (0)               ; 1 (1)                     ; 0           ; 0          ; 0            ; 0       ; 0         ; 0    ; 0            ; 0          ; |PDF_CPU|datapath:DP|pipo_register:PC_Store_Reg|d_ff:\gen_dff:10:dffi                                                             ; d_ff                         ; work         ;
;          |d_ff:\gen_dff:11:dffi|                   ; 0 (0)               ; 1 (1)                     ; 0           ; 0          ; 0            ; 0       ; 0         ; 0    ; 0            ; 0          ; |PDF_CPU|datapath:DP|pipo_register:PC_Store_Reg|d_ff:\gen_dff:11:dffi                                                             ; d_ff                         ; work         ;
;          |d_ff:\gen_dff:12:dffi|                   ; 0 (0)               ; 1 (1)                     ; 0           ; 0          ; 0            ; 0       ; 0         ; 0    ; 0            ; 0          ; |PDF_CPU|datapath:DP|pipo_register:PC_Store_Reg|d_ff:\gen_dff:12:dffi                                                             ; d_ff                         ; work         ;
;          |d_ff:\gen_dff:13:dffi|                   ; 0 (0)               ; 1 (1)                     ; 0           ; 0          ; 0            ; 0       ; 0         ; 0    ; 0            ; 0          ; |PDF_CPU|datapath:DP|pipo_register:PC_Store_Reg|d_ff:\gen_dff:13:dffi                                                             ; d_ff                         ; work         ;
;          |d_ff:\gen_dff:14:dffi|                   ; 0 (0)               ; 1 (1)                     ; 0           ; 0          ; 0            ; 0       ; 0         ; 0    ; 0            ; 0          ; |PDF_CPU|datapath:DP|pipo_register:PC_Store_Reg|d_ff:\gen_dff:14:dffi                                                             ; d_ff                         ; work         ;
;          |d_ff:\gen_dff:15:dffi|                   ; 0 (0)               ; 1 (1)                     ; 0           ; 0          ; 0            ; 0       ; 0         ; 0    ; 0            ; 0          ; |PDF_CPU|datapath:DP|pipo_register:PC_Store_Reg|d_ff:\gen_dff:15:dffi                                                             ; d_ff                         ; work         ;
;          |d_ff:\gen_dff:9:dffi|                    ; 0 (0)               ; 1 (1)                     ; 0           ; 0          ; 0            ; 0       ; 0         ; 0    ; 0            ; 0          ; |PDF_CPU|datapath:DP|pipo_register:PC_Store_Reg|d_ff:\gen_dff:9:dffi                                                              ; d_ff                         ; work         ;
;       |pipo_register:R1|                           ; 0 (0)               ; 16 (0)                    ; 0           ; 0          ; 0            ; 0       ; 0         ; 0    ; 0            ; 0          ; |PDF_CPU|datapath:DP|pipo_register:R1                                                                                             ; pipo_register                ; work         ;
;          |d_ff:\gen_dff:0:dffi|                    ; 0 (0)               ; 1 (1)                     ; 0           ; 0          ; 0            ; 0       ; 0         ; 0    ; 0            ; 0          ; |PDF_CPU|datapath:DP|pipo_register:R1|d_ff:\gen_dff:0:dffi                                                                        ; d_ff                         ; work         ;
;          |d_ff:\gen_dff:10:dffi|                   ; 0 (0)               ; 1 (1)                     ; 0           ; 0          ; 0            ; 0       ; 0         ; 0    ; 0            ; 0          ; |PDF_CPU|datapath:DP|pipo_register:R1|d_ff:\gen_dff:10:dffi                                                                       ; d_ff                         ; work         ;
;          |d_ff:\gen_dff:11:dffi|                   ; 0 (0)               ; 1 (1)                     ; 0           ; 0          ; 0            ; 0       ; 0         ; 0    ; 0            ; 0          ; |PDF_CPU|datapath:DP|pipo_register:R1|d_ff:\gen_dff:11:dffi                                                                       ; d_ff                         ; work         ;
;          |d_ff:\gen_dff:12:dffi|                   ; 0 (0)               ; 1 (1)                     ; 0           ; 0          ; 0            ; 0       ; 0         ; 0    ; 0            ; 0          ; |PDF_CPU|datapath:DP|pipo_register:R1|d_ff:\gen_dff:12:dffi                                                                       ; d_ff                         ; work         ;
;          |d_ff:\gen_dff:13:dffi|                   ; 0 (0)               ; 1 (1)                     ; 0           ; 0          ; 0            ; 0       ; 0         ; 0    ; 0            ; 0          ; |PDF_CPU|datapath:DP|pipo_register:R1|d_ff:\gen_dff:13:dffi                                                                       ; d_ff                         ; work         ;
;          |d_ff:\gen_dff:14:dffi|                   ; 0 (0)               ; 1 (1)                     ; 0           ; 0          ; 0            ; 0       ; 0         ; 0    ; 0            ; 0          ; |PDF_CPU|datapath:DP|pipo_register:R1|d_ff:\gen_dff:14:dffi                                                                       ; d_ff                         ; work         ;
;          |d_ff:\gen_dff:15:dffi|                   ; 0 (0)               ; 1 (1)                     ; 0           ; 0          ; 0            ; 0       ; 0         ; 0    ; 0            ; 0          ; |PDF_CPU|datapath:DP|pipo_register:R1|d_ff:\gen_dff:15:dffi                                                                       ; d_ff                         ; work         ;
;          |d_ff:\gen_dff:1:dffi|                    ; 0 (0)               ; 1 (1)                     ; 0           ; 0          ; 0            ; 0       ; 0         ; 0    ; 0            ; 0          ; |PDF_CPU|datapath:DP|pipo_register:R1|d_ff:\gen_dff:1:dffi                                                                        ; d_ff                         ; work         ;
;          |d_ff:\gen_dff:2:dffi|                    ; 0 (0)               ; 1 (1)                     ; 0           ; 0          ; 0            ; 0       ; 0         ; 0    ; 0            ; 0          ; |PDF_CPU|datapath:DP|pipo_register:R1|d_ff:\gen_dff:2:dffi                                                                        ; d_ff                         ; work         ;
;          |d_ff:\gen_dff:3:dffi|                    ; 0 (0)               ; 1 (1)                     ; 0           ; 0          ; 0            ; 0       ; 0         ; 0    ; 0            ; 0          ; |PDF_CPU|datapath:DP|pipo_register:R1|d_ff:\gen_dff:3:dffi                                                                        ; d_ff                         ; work         ;
;          |d_ff:\gen_dff:4:dffi|                    ; 0 (0)               ; 1 (1)                     ; 0           ; 0          ; 0            ; 0       ; 0         ; 0    ; 0            ; 0          ; |PDF_CPU|datapath:DP|pipo_register:R1|d_ff:\gen_dff:4:dffi                                                                        ; d_ff                         ; work         ;
;          |d_ff:\gen_dff:5:dffi|                    ; 0 (0)               ; 1 (1)                     ; 0           ; 0          ; 0            ; 0       ; 0         ; 0    ; 0            ; 0          ; |PDF_CPU|datapath:DP|pipo_register:R1|d_ff:\gen_dff:5:dffi                                                                        ; d_ff                         ; work         ;
;          |d_ff:\gen_dff:6:dffi|                    ; 0 (0)               ; 1 (1)                     ; 0           ; 0          ; 0            ; 0       ; 0         ; 0    ; 0            ; 0          ; |PDF_CPU|datapath:DP|pipo_register:R1|d_ff:\gen_dff:6:dffi                                                                        ; d_ff                         ; work         ;
;          |d_ff:\gen_dff:7:dffi|                    ; 0 (0)               ; 1 (1)                     ; 0           ; 0          ; 0            ; 0       ; 0         ; 0    ; 0            ; 0          ; |PDF_CPU|datapath:DP|pipo_register:R1|d_ff:\gen_dff:7:dffi                                                                        ; d_ff                         ; work         ;
;          |d_ff:\gen_dff:8:dffi|                    ; 0 (0)               ; 1 (1)                     ; 0           ; 0          ; 0            ; 0       ; 0         ; 0    ; 0            ; 0          ; |PDF_CPU|datapath:DP|pipo_register:R1|d_ff:\gen_dff:8:dffi                                                                        ; d_ff                         ; work         ;
;          |d_ff:\gen_dff:9:dffi|                    ; 0 (0)               ; 1 (1)                     ; 0           ; 0          ; 0            ; 0       ; 0         ; 0    ; 0            ; 0          ; |PDF_CPU|datapath:DP|pipo_register:R1|d_ff:\gen_dff:9:dffi                                                                        ; d_ff                         ; work         ;
;       |pipo_register:R2|                           ; 0 (0)               ; 16 (0)                    ; 0           ; 0          ; 0            ; 0       ; 0         ; 0    ; 0            ; 0          ; |PDF_CPU|datapath:DP|pipo_register:R2                                                                                             ; pipo_register                ; work         ;
;          |d_ff:\gen_dff:0:dffi|                    ; 0 (0)               ; 1 (1)                     ; 0           ; 0          ; 0            ; 0       ; 0         ; 0    ; 0            ; 0          ; |PDF_CPU|datapath:DP|pipo_register:R2|d_ff:\gen_dff:0:dffi                                                                        ; d_ff                         ; work         ;
;          |d_ff:\gen_dff:10:dffi|                   ; 0 (0)               ; 1 (1)                     ; 0           ; 0          ; 0            ; 0       ; 0         ; 0    ; 0            ; 0          ; |PDF_CPU|datapath:DP|pipo_register:R2|d_ff:\gen_dff:10:dffi                                                                       ; d_ff                         ; work         ;
;          |d_ff:\gen_dff:11:dffi|                   ; 0 (0)               ; 1 (1)                     ; 0           ; 0          ; 0            ; 0       ; 0         ; 0    ; 0            ; 0          ; |PDF_CPU|datapath:DP|pipo_register:R2|d_ff:\gen_dff:11:dffi                                                                       ; d_ff                         ; work         ;
;          |d_ff:\gen_dff:12:dffi|                   ; 0 (0)               ; 1 (1)                     ; 0           ; 0          ; 0            ; 0       ; 0         ; 0    ; 0            ; 0          ; |PDF_CPU|datapath:DP|pipo_register:R2|d_ff:\gen_dff:12:dffi                                                                       ; d_ff                         ; work         ;
;          |d_ff:\gen_dff:13:dffi|                   ; 0 (0)               ; 1 (1)                     ; 0           ; 0          ; 0            ; 0       ; 0         ; 0    ; 0            ; 0          ; |PDF_CPU|datapath:DP|pipo_register:R2|d_ff:\gen_dff:13:dffi                                                                       ; d_ff                         ; work         ;
;          |d_ff:\gen_dff:14:dffi|                   ; 0 (0)               ; 1 (1)                     ; 0           ; 0          ; 0            ; 0       ; 0         ; 0    ; 0            ; 0          ; |PDF_CPU|datapath:DP|pipo_register:R2|d_ff:\gen_dff:14:dffi                                                                       ; d_ff                         ; work         ;
;          |d_ff:\gen_dff:15:dffi|                   ; 0 (0)               ; 1 (1)                     ; 0           ; 0          ; 0            ; 0       ; 0         ; 0    ; 0            ; 0          ; |PDF_CPU|datapath:DP|pipo_register:R2|d_ff:\gen_dff:15:dffi                                                                       ; d_ff                         ; work         ;
;          |d_ff:\gen_dff:1:dffi|                    ; 0 (0)               ; 1 (1)                     ; 0           ; 0          ; 0            ; 0       ; 0         ; 0    ; 0            ; 0          ; |PDF_CPU|datapath:DP|pipo_register:R2|d_ff:\gen_dff:1:dffi                                                                        ; d_ff                         ; work         ;
;          |d_ff:\gen_dff:2:dffi|                    ; 0 (0)               ; 1 (1)                     ; 0           ; 0          ; 0            ; 0       ; 0         ; 0    ; 0            ; 0          ; |PDF_CPU|datapath:DP|pipo_register:R2|d_ff:\gen_dff:2:dffi                                                                        ; d_ff                         ; work         ;
;          |d_ff:\gen_dff:3:dffi|                    ; 0 (0)               ; 1 (1)                     ; 0           ; 0          ; 0            ; 0       ; 0         ; 0    ; 0            ; 0          ; |PDF_CPU|datapath:DP|pipo_register:R2|d_ff:\gen_dff:3:dffi                                                                        ; d_ff                         ; work         ;
;          |d_ff:\gen_dff:4:dffi|                    ; 0 (0)               ; 1 (1)                     ; 0           ; 0          ; 0            ; 0       ; 0         ; 0    ; 0            ; 0          ; |PDF_CPU|datapath:DP|pipo_register:R2|d_ff:\gen_dff:4:dffi                                                                        ; d_ff                         ; work         ;
;          |d_ff:\gen_dff:5:dffi|                    ; 0 (0)               ; 1 (1)                     ; 0           ; 0          ; 0            ; 0       ; 0         ; 0    ; 0            ; 0          ; |PDF_CPU|datapath:DP|pipo_register:R2|d_ff:\gen_dff:5:dffi                                                                        ; d_ff                         ; work         ;
;          |d_ff:\gen_dff:6:dffi|                    ; 0 (0)               ; 1 (1)                     ; 0           ; 0          ; 0            ; 0       ; 0         ; 0    ; 0            ; 0          ; |PDF_CPU|datapath:DP|pipo_register:R2|d_ff:\gen_dff:6:dffi                                                                        ; d_ff                         ; work         ;
;          |d_ff:\gen_dff:7:dffi|                    ; 0 (0)               ; 1 (1)                     ; 0           ; 0          ; 0            ; 0       ; 0         ; 0    ; 0            ; 0          ; |PDF_CPU|datapath:DP|pipo_register:R2|d_ff:\gen_dff:7:dffi                                                                        ; d_ff                         ; work         ;
;          |d_ff:\gen_dff:8:dffi|                    ; 0 (0)               ; 1 (1)                     ; 0           ; 0          ; 0            ; 0       ; 0         ; 0    ; 0            ; 0          ; |PDF_CPU|datapath:DP|pipo_register:R2|d_ff:\gen_dff:8:dffi                                                                        ; d_ff                         ; work         ;
;          |d_ff:\gen_dff:9:dffi|                    ; 0 (0)               ; 1 (1)                     ; 0           ; 0          ; 0            ; 0       ; 0         ; 0    ; 0            ; 0          ; |PDF_CPU|datapath:DP|pipo_register:R2|d_ff:\gen_dff:9:dffi                                                                        ; d_ff                         ; work         ;
;       |pipo_register:R4|                           ; 0 (0)               ; 16 (0)                    ; 0           ; 0          ; 0            ; 0       ; 0         ; 0    ; 0            ; 0          ; |PDF_CPU|datapath:DP|pipo_register:R4                                                                                             ; pipo_register                ; work         ;
;          |d_ff:\gen_dff:0:dffi|                    ; 0 (0)               ; 1 (1)                     ; 0           ; 0          ; 0            ; 0       ; 0         ; 0    ; 0            ; 0          ; |PDF_CPU|datapath:DP|pipo_register:R4|d_ff:\gen_dff:0:dffi                                                                        ; d_ff                         ; work         ;
;          |d_ff:\gen_dff:10:dffi|                   ; 0 (0)               ; 1 (1)                     ; 0           ; 0          ; 0            ; 0       ; 0         ; 0    ; 0            ; 0          ; |PDF_CPU|datapath:DP|pipo_register:R4|d_ff:\gen_dff:10:dffi                                                                       ; d_ff                         ; work         ;
;          |d_ff:\gen_dff:11:dffi|                   ; 0 (0)               ; 1 (1)                     ; 0           ; 0          ; 0            ; 0       ; 0         ; 0    ; 0            ; 0          ; |PDF_CPU|datapath:DP|pipo_register:R4|d_ff:\gen_dff:11:dffi                                                                       ; d_ff                         ; work         ;
;          |d_ff:\gen_dff:12:dffi|                   ; 0 (0)               ; 1 (1)                     ; 0           ; 0          ; 0            ; 0       ; 0         ; 0    ; 0            ; 0          ; |PDF_CPU|datapath:DP|pipo_register:R4|d_ff:\gen_dff:12:dffi                                                                       ; d_ff                         ; work         ;
;          |d_ff:\gen_dff:13:dffi|                   ; 0 (0)               ; 1 (1)                     ; 0           ; 0          ; 0            ; 0       ; 0         ; 0    ; 0            ; 0          ; |PDF_CPU|datapath:DP|pipo_register:R4|d_ff:\gen_dff:13:dffi                                                                       ; d_ff                         ; work         ;
;          |d_ff:\gen_dff:14:dffi|                   ; 0 (0)               ; 1 (1)                     ; 0           ; 0          ; 0            ; 0       ; 0         ; 0    ; 0            ; 0          ; |PDF_CPU|datapath:DP|pipo_register:R4|d_ff:\gen_dff:14:dffi                                                                       ; d_ff                         ; work         ;
;          |d_ff:\gen_dff:15:dffi|                   ; 0 (0)               ; 1 (1)                     ; 0           ; 0          ; 0            ; 0       ; 0         ; 0    ; 0            ; 0          ; |PDF_CPU|datapath:DP|pipo_register:R4|d_ff:\gen_dff:15:dffi                                                                       ; d_ff                         ; work         ;
;          |d_ff:\gen_dff:1:dffi|                    ; 0 (0)               ; 1 (1)                     ; 0           ; 0          ; 0            ; 0       ; 0         ; 0    ; 0            ; 0          ; |PDF_CPU|datapath:DP|pipo_register:R4|d_ff:\gen_dff:1:dffi                                                                        ; d_ff                         ; work         ;
;          |d_ff:\gen_dff:2:dffi|                    ; 0 (0)               ; 1 (1)                     ; 0           ; 0          ; 0            ; 0       ; 0         ; 0    ; 0            ; 0          ; |PDF_CPU|datapath:DP|pipo_register:R4|d_ff:\gen_dff:2:dffi                                                                        ; d_ff                         ; work         ;
;          |d_ff:\gen_dff:3:dffi|                    ; 0 (0)               ; 1 (1)                     ; 0           ; 0          ; 0            ; 0       ; 0         ; 0    ; 0            ; 0          ; |PDF_CPU|datapath:DP|pipo_register:R4|d_ff:\gen_dff:3:dffi                                                                        ; d_ff                         ; work         ;
;          |d_ff:\gen_dff:4:dffi|                    ; 0 (0)               ; 1 (1)                     ; 0           ; 0          ; 0            ; 0       ; 0         ; 0    ; 0            ; 0          ; |PDF_CPU|datapath:DP|pipo_register:R4|d_ff:\gen_dff:4:dffi                                                                        ; d_ff                         ; work         ;
;          |d_ff:\gen_dff:5:dffi|                    ; 0 (0)               ; 1 (1)                     ; 0           ; 0          ; 0            ; 0       ; 0         ; 0    ; 0            ; 0          ; |PDF_CPU|datapath:DP|pipo_register:R4|d_ff:\gen_dff:5:dffi                                                                        ; d_ff                         ; work         ;
;          |d_ff:\gen_dff:6:dffi|                    ; 0 (0)               ; 1 (1)                     ; 0           ; 0          ; 0            ; 0       ; 0         ; 0    ; 0            ; 0          ; |PDF_CPU|datapath:DP|pipo_register:R4|d_ff:\gen_dff:6:dffi                                                                        ; d_ff                         ; work         ;
;          |d_ff:\gen_dff:7:dffi|                    ; 0 (0)               ; 1 (1)                     ; 0           ; 0          ; 0            ; 0       ; 0         ; 0    ; 0            ; 0          ; |PDF_CPU|datapath:DP|pipo_register:R4|d_ff:\gen_dff:7:dffi                                                                        ; d_ff                         ; work         ;
;          |d_ff:\gen_dff:8:dffi|                    ; 0 (0)               ; 1 (1)                     ; 0           ; 0          ; 0            ; 0       ; 0         ; 0    ; 0            ; 0          ; |PDF_CPU|datapath:DP|pipo_register:R4|d_ff:\gen_dff:8:dffi                                                                        ; d_ff                         ; work         ;
;          |d_ff:\gen_dff:9:dffi|                    ; 0 (0)               ; 1 (1)                     ; 0           ; 0          ; 0            ; 0       ; 0         ; 0    ; 0            ; 0          ; |PDF_CPU|datapath:DP|pipo_register:R4|d_ff:\gen_dff:9:dffi                                                                        ; d_ff                         ; work         ;
;       |pipo_register:RWB|                          ; 0 (0)               ; 16 (0)                    ; 0           ; 0          ; 0            ; 0       ; 0         ; 0    ; 0            ; 0          ; |PDF_CPU|datapath:DP|pipo_register:RWB                                                                                            ; pipo_register                ; work         ;
;          |d_ff:\gen_dff:0:dffi|                    ; 0 (0)               ; 1 (1)                     ; 0           ; 0          ; 0            ; 0       ; 0         ; 0    ; 0            ; 0          ; |PDF_CPU|datapath:DP|pipo_register:RWB|d_ff:\gen_dff:0:dffi                                                                       ; d_ff                         ; work         ;
;          |d_ff:\gen_dff:10:dffi|                   ; 0 (0)               ; 1 (1)                     ; 0           ; 0          ; 0            ; 0       ; 0         ; 0    ; 0            ; 0          ; |PDF_CPU|datapath:DP|pipo_register:RWB|d_ff:\gen_dff:10:dffi                                                                      ; d_ff                         ; work         ;
;          |d_ff:\gen_dff:11:dffi|                   ; 0 (0)               ; 1 (1)                     ; 0           ; 0          ; 0            ; 0       ; 0         ; 0    ; 0            ; 0          ; |PDF_CPU|datapath:DP|pipo_register:RWB|d_ff:\gen_dff:11:dffi                                                                      ; d_ff                         ; work         ;
;          |d_ff:\gen_dff:12:dffi|                   ; 0 (0)               ; 1 (1)                     ; 0           ; 0          ; 0            ; 0       ; 0         ; 0    ; 0            ; 0          ; |PDF_CPU|datapath:DP|pipo_register:RWB|d_ff:\gen_dff:12:dffi                                                                      ; d_ff                         ; work         ;
;          |d_ff:\gen_dff:13:dffi|                   ; 0 (0)               ; 1 (1)                     ; 0           ; 0          ; 0            ; 0       ; 0         ; 0    ; 0            ; 0          ; |PDF_CPU|datapath:DP|pipo_register:RWB|d_ff:\gen_dff:13:dffi                                                                      ; d_ff                         ; work         ;
;          |d_ff:\gen_dff:14:dffi|                   ; 0 (0)               ; 1 (1)                     ; 0           ; 0          ; 0            ; 0       ; 0         ; 0    ; 0            ; 0          ; |PDF_CPU|datapath:DP|pipo_register:RWB|d_ff:\gen_dff:14:dffi                                                                      ; d_ff                         ; work         ;
;          |d_ff:\gen_dff:15:dffi|                   ; 0 (0)               ; 1 (1)                     ; 0           ; 0          ; 0            ; 0       ; 0         ; 0    ; 0            ; 0          ; |PDF_CPU|datapath:DP|pipo_register:RWB|d_ff:\gen_dff:15:dffi                                                                      ; d_ff                         ; work         ;
;          |d_ff:\gen_dff:1:dffi|                    ; 0 (0)               ; 1 (1)                     ; 0           ; 0          ; 0            ; 0       ; 0         ; 0    ; 0            ; 0          ; |PDF_CPU|datapath:DP|pipo_register:RWB|d_ff:\gen_dff:1:dffi                                                                       ; d_ff                         ; work         ;
;          |d_ff:\gen_dff:2:dffi|                    ; 0 (0)               ; 1 (1)                     ; 0           ; 0          ; 0            ; 0       ; 0         ; 0    ; 0            ; 0          ; |PDF_CPU|datapath:DP|pipo_register:RWB|d_ff:\gen_dff:2:dffi                                                                       ; d_ff                         ; work         ;
;          |d_ff:\gen_dff:3:dffi|                    ; 0 (0)               ; 1 (1)                     ; 0           ; 0          ; 0            ; 0       ; 0         ; 0    ; 0            ; 0          ; |PDF_CPU|datapath:DP|pipo_register:RWB|d_ff:\gen_dff:3:dffi                                                                       ; d_ff                         ; work         ;
;          |d_ff:\gen_dff:4:dffi|                    ; 0 (0)               ; 1 (1)                     ; 0           ; 0          ; 0            ; 0       ; 0         ; 0    ; 0            ; 0          ; |PDF_CPU|datapath:DP|pipo_register:RWB|d_ff:\gen_dff:4:dffi                                                                       ; d_ff                         ; work         ;
;          |d_ff:\gen_dff:5:dffi|                    ; 0 (0)               ; 1 (1)                     ; 0           ; 0          ; 0            ; 0       ; 0         ; 0    ; 0            ; 0          ; |PDF_CPU|datapath:DP|pipo_register:RWB|d_ff:\gen_dff:5:dffi                                                                       ; d_ff                         ; work         ;
;          |d_ff:\gen_dff:6:dffi|                    ; 0 (0)               ; 1 (1)                     ; 0           ; 0          ; 0            ; 0       ; 0         ; 0    ; 0            ; 0          ; |PDF_CPU|datapath:DP|pipo_register:RWB|d_ff:\gen_dff:6:dffi                                                                       ; d_ff                         ; work         ;
;          |d_ff:\gen_dff:7:dffi|                    ; 0 (0)               ; 1 (1)                     ; 0           ; 0          ; 0            ; 0       ; 0         ; 0    ; 0            ; 0          ; |PDF_CPU|datapath:DP|pipo_register:RWB|d_ff:\gen_dff:7:dffi                                                                       ; d_ff                         ; work         ;
;          |d_ff:\gen_dff:8:dffi|                    ; 0 (0)               ; 1 (1)                     ; 0           ; 0          ; 0            ; 0       ; 0         ; 0    ; 0            ; 0          ; |PDF_CPU|datapath:DP|pipo_register:RWB|d_ff:\gen_dff:8:dffi                                                                       ; d_ff                         ; work         ;
;          |d_ff:\gen_dff:9:dffi|                    ; 0 (0)               ; 1 (1)                     ; 0           ; 0          ; 0            ; 0       ; 0         ; 0    ; 0            ; 0          ; |PDF_CPU|datapath:DP|pipo_register:RWB|d_ff:\gen_dff:9:dffi                                                                       ; d_ff                         ; work         ;
;       |pipo_register:R_ALU|                        ; 6 (0)               ; 16 (0)                    ; 0           ; 0          ; 0            ; 0       ; 0         ; 0    ; 0            ; 0          ; |PDF_CPU|datapath:DP|pipo_register:R_ALU                                                                                          ; pipo_register                ; work         ;
;          |d_ff:\gen_dff:0:dffi|                    ; 0 (0)               ; 1 (1)                     ; 0           ; 0          ; 0            ; 0       ; 0         ; 0    ; 0            ; 0          ; |PDF_CPU|datapath:DP|pipo_register:R_ALU|d_ff:\gen_dff:0:dffi                                                                     ; d_ff                         ; work         ;
;          |d_ff:\gen_dff:10:dffi|                   ; 0 (0)               ; 1 (1)                     ; 0           ; 0          ; 0            ; 0       ; 0         ; 0    ; 0            ; 0          ; |PDF_CPU|datapath:DP|pipo_register:R_ALU|d_ff:\gen_dff:10:dffi                                                                    ; d_ff                         ; work         ;
;          |d_ff:\gen_dff:11:dffi|                   ; 0 (0)               ; 1 (1)                     ; 0           ; 0          ; 0            ; 0       ; 0         ; 0    ; 0            ; 0          ; |PDF_CPU|datapath:DP|pipo_register:R_ALU|d_ff:\gen_dff:11:dffi                                                                    ; d_ff                         ; work         ;
;          |d_ff:\gen_dff:12:dffi|                   ; 0 (0)               ; 1 (1)                     ; 0           ; 0          ; 0            ; 0       ; 0         ; 0    ; 0            ; 0          ; |PDF_CPU|datapath:DP|pipo_register:R_ALU|d_ff:\gen_dff:12:dffi                                                                    ; d_ff                         ; work         ;
;          |d_ff:\gen_dff:13:dffi|                   ; 2 (2)               ; 1 (1)                     ; 0           ; 0          ; 0            ; 0       ; 0         ; 0    ; 0            ; 0          ; |PDF_CPU|datapath:DP|pipo_register:R_ALU|d_ff:\gen_dff:13:dffi                                                                    ; d_ff                         ; work         ;
;          |d_ff:\gen_dff:14:dffi|                   ; 0 (0)               ; 1 (1)                     ; 0           ; 0          ; 0            ; 0       ; 0         ; 0    ; 0            ; 0          ; |PDF_CPU|datapath:DP|pipo_register:R_ALU|d_ff:\gen_dff:14:dffi                                                                    ; d_ff                         ; work         ;
;          |d_ff:\gen_dff:15:dffi|                   ; 1 (1)               ; 1 (1)                     ; 0           ; 0          ; 0            ; 0       ; 0         ; 0    ; 0            ; 0          ; |PDF_CPU|datapath:DP|pipo_register:R_ALU|d_ff:\gen_dff:15:dffi                                                                    ; d_ff                         ; work         ;
;          |d_ff:\gen_dff:1:dffi|                    ; 0 (0)               ; 1 (1)                     ; 0           ; 0          ; 0            ; 0       ; 0         ; 0    ; 0            ; 0          ; |PDF_CPU|datapath:DP|pipo_register:R_ALU|d_ff:\gen_dff:1:dffi                                                                     ; d_ff                         ; work         ;
;          |d_ff:\gen_dff:2:dffi|                    ; 0 (0)               ; 1 (1)                     ; 0           ; 0          ; 0            ; 0       ; 0         ; 0    ; 0            ; 0          ; |PDF_CPU|datapath:DP|pipo_register:R_ALU|d_ff:\gen_dff:2:dffi                                                                     ; d_ff                         ; work         ;
;          |d_ff:\gen_dff:3:dffi|                    ; 0 (0)               ; 1 (1)                     ; 0           ; 0          ; 0            ; 0       ; 0         ; 0    ; 0            ; 0          ; |PDF_CPU|datapath:DP|pipo_register:R_ALU|d_ff:\gen_dff:3:dffi                                                                     ; d_ff                         ; work         ;
;          |d_ff:\gen_dff:4:dffi|                    ; 0 (0)               ; 1 (1)                     ; 0           ; 0          ; 0            ; 0       ; 0         ; 0    ; 0            ; 0          ; |PDF_CPU|datapath:DP|pipo_register:R_ALU|d_ff:\gen_dff:4:dffi                                                                     ; d_ff                         ; work         ;
;          |d_ff:\gen_dff:5:dffi|                    ; 0 (0)               ; 1 (1)                     ; 0           ; 0          ; 0            ; 0       ; 0         ; 0    ; 0            ; 0          ; |PDF_CPU|datapath:DP|pipo_register:R_ALU|d_ff:\gen_dff:5:dffi                                                                     ; d_ff                         ; work         ;
;          |d_ff:\gen_dff:6:dffi|                    ; 0 (0)               ; 1 (1)                     ; 0           ; 0          ; 0            ; 0       ; 0         ; 0    ; 0            ; 0          ; |PDF_CPU|datapath:DP|pipo_register:R_ALU|d_ff:\gen_dff:6:dffi                                                                     ; d_ff                         ; work         ;
;          |d_ff:\gen_dff:7:dffi|                    ; 0 (0)               ; 1 (1)                     ; 0           ; 0          ; 0            ; 0       ; 0         ; 0    ; 0            ; 0          ; |PDF_CPU|datapath:DP|pipo_register:R_ALU|d_ff:\gen_dff:7:dffi                                                                     ; d_ff                         ; work         ;
;          |d_ff:\gen_dff:8:dffi|                    ; 0 (0)               ; 1 (1)                     ; 0           ; 0          ; 0            ; 0       ; 0         ; 0    ; 0            ; 0          ; |PDF_CPU|datapath:DP|pipo_register:R_ALU|d_ff:\gen_dff:8:dffi                                                                     ; d_ff                         ; work         ;
;          |d_ff:\gen_dff:9:dffi|                    ; 3 (3)               ; 1 (1)                     ; 0           ; 0          ; 0            ; 0       ; 0         ; 0    ; 0            ; 0          ; |PDF_CPU|datapath:DP|pipo_register:R_ALU|d_ff:\gen_dff:9:dffi                                                                     ; d_ff                         ; work         ;
;       |pipo_register_3_bit:R3|                     ; 0 (0)               ; 3 (0)                     ; 0           ; 0          ; 0            ; 0       ; 0         ; 0    ; 0            ; 0          ; |PDF_CPU|datapath:DP|pipo_register_3_bit:R3                                                                                       ; pipo_register_3_bit          ; work         ;
;          |d_ff:\gen_dff:0:dffi|                    ; 0 (0)               ; 1 (1)                     ; 0           ; 0          ; 0            ; 0       ; 0         ; 0    ; 0            ; 0          ; |PDF_CPU|datapath:DP|pipo_register_3_bit:R3|d_ff:\gen_dff:0:dffi                                                                  ; d_ff                         ; work         ;
;          |d_ff:\gen_dff:1:dffi|                    ; 0 (0)               ; 1 (1)                     ; 0           ; 0          ; 0            ; 0       ; 0         ; 0    ; 0            ; 0          ; |PDF_CPU|datapath:DP|pipo_register_3_bit:R3|d_ff:\gen_dff:1:dffi                                                                  ; d_ff                         ; work         ;
;          |d_ff:\gen_dff:2:dffi|                    ; 0 (0)               ; 1 (1)                     ; 0           ; 0          ; 0            ; 0       ; 0         ; 0    ; 0            ; 0          ; |PDF_CPU|datapath:DP|pipo_register_3_bit:R3|d_ff:\gen_dff:2:dffi                                                                  ; d_ff                         ; work         ;
;       |pipo_register_3_bit:R5|                     ; 0 (0)               ; 3 (0)                     ; 0           ; 0          ; 0            ; 0       ; 0         ; 0    ; 0            ; 0          ; |PDF_CPU|datapath:DP|pipo_register_3_bit:R5                                                                                       ; pipo_register_3_bit          ; work         ;
;          |d_ff:\gen_dff:0:dffi|                    ; 0 (0)               ; 1 (1)                     ; 0           ; 0          ; 0            ; 0       ; 0         ; 0    ; 0            ; 0          ; |PDF_CPU|datapath:DP|pipo_register_3_bit:R5|d_ff:\gen_dff:0:dffi                                                                  ; d_ff                         ; work         ;
;          |d_ff:\gen_dff:1:dffi|                    ; 0 (0)               ; 1 (1)                     ; 0           ; 0          ; 0            ; 0       ; 0         ; 0    ; 0            ; 0          ; |PDF_CPU|datapath:DP|pipo_register_3_bit:R5|d_ff:\gen_dff:1:dffi                                                                  ; d_ff                         ; work         ;
;          |d_ff:\gen_dff:2:dffi|                    ; 0 (0)               ; 1 (1)                     ; 0           ; 0          ; 0            ; 0       ; 0         ; 0    ; 0            ; 0          ; |PDF_CPU|datapath:DP|pipo_register_3_bit:R5|d_ff:\gen_dff:2:dffi                                                                  ; d_ff                         ; work         ;
;       |pipo_register_3_bit:R6|                     ; 0 (0)               ; 3 (0)                     ; 0           ; 0          ; 0            ; 0       ; 0         ; 0    ; 0            ; 0          ; |PDF_CPU|datapath:DP|pipo_register_3_bit:R6                                                                                       ; pipo_register_3_bit          ; work         ;
;          |d_ff:\gen_dff:0:dffi|                    ; 0 (0)               ; 1 (1)                     ; 0           ; 0          ; 0            ; 0       ; 0         ; 0    ; 0            ; 0          ; |PDF_CPU|datapath:DP|pipo_register_3_bit:R6|d_ff:\gen_dff:0:dffi                                                                  ; d_ff                         ; work         ;
;          |d_ff:\gen_dff:1:dffi|                    ; 0 (0)               ; 1 (1)                     ; 0           ; 0          ; 0            ; 0       ; 0         ; 0    ; 0            ; 0          ; |PDF_CPU|datapath:DP|pipo_register_3_bit:R6|d_ff:\gen_dff:1:dffi                                                                  ; d_ff                         ; work         ;
;          |d_ff:\gen_dff:2:dffi|                    ; 0 (0)               ; 1 (1)                     ; 0           ; 0          ; 0            ; 0       ; 0         ; 0    ; 0            ; 0          ; |PDF_CPU|datapath:DP|pipo_register_3_bit:R6|d_ff:\gen_dff:2:dffi                                                                  ; d_ff                         ; work         ;
;       |register_file:RF|                           ; 224 (0)             ; 128 (0)                   ; 0           ; 0          ; 0            ; 0       ; 0         ; 0    ; 0            ; 0          ; |PDF_CPU|datapath:DP|register_file:RF                                                                                             ; register_file                ; work         ;
;          |demux_8x1_16bit:demux3|                  ; 128 (128)           ; 0 (0)                     ; 0           ; 0          ; 0            ; 0       ; 0         ; 0    ; 0            ; 0          ; |PDF_CPU|datapath:DP|register_file:RF|demux_8x1_16bit:demux3                                                                      ; demux_8x1_16bit              ; work         ;
;          |demux_8x1_1bit:demux4|                   ; 16 (16)             ; 0 (0)                     ; 0           ; 0          ; 0            ; 0       ; 0         ; 0    ; 0            ; 0          ; |PDF_CPU|datapath:DP|register_file:RF|demux_8x1_1bit:demux4                                                                       ; demux_8x1_1bit               ; work         ;
;          |mux_8x1_16bit:mux1|                      ; 80 (80)             ; 0 (0)                     ; 0           ; 0          ; 0            ; 0       ; 0         ; 0    ; 0            ; 0          ; |PDF_CPU|datapath:DP|register_file:RF|mux_8x1_16bit:mux1                                                                          ; mux_8x1_16bit                ; work         ;
;          |pipo_register:\gen_reg:0:regi|           ; 0 (0)               ; 16 (0)                    ; 0           ; 0          ; 0            ; 0       ; 0         ; 0    ; 0            ; 0          ; |PDF_CPU|datapath:DP|register_file:RF|pipo_register:\gen_reg:0:regi                                                               ; pipo_register                ; work         ;
;             |d_ff:\gen_dff:0:dffi|                 ; 0 (0)               ; 1 (1)                     ; 0           ; 0          ; 0            ; 0       ; 0         ; 0    ; 0            ; 0          ; |PDF_CPU|datapath:DP|register_file:RF|pipo_register:\gen_reg:0:regi|d_ff:\gen_dff:0:dffi                                          ; d_ff                         ; work         ;
;             |d_ff:\gen_dff:10:dffi|                ; 0 (0)               ; 1 (1)                     ; 0           ; 0          ; 0            ; 0       ; 0         ; 0    ; 0            ; 0          ; |PDF_CPU|datapath:DP|register_file:RF|pipo_register:\gen_reg:0:regi|d_ff:\gen_dff:10:dffi                                         ; d_ff                         ; work         ;
;             |d_ff:\gen_dff:11:dffi|                ; 0 (0)               ; 1 (1)                     ; 0           ; 0          ; 0            ; 0       ; 0         ; 0    ; 0            ; 0          ; |PDF_CPU|datapath:DP|register_file:RF|pipo_register:\gen_reg:0:regi|d_ff:\gen_dff:11:dffi                                         ; d_ff                         ; work         ;
;             |d_ff:\gen_dff:12:dffi|                ; 0 (0)               ; 1 (1)                     ; 0           ; 0          ; 0            ; 0       ; 0         ; 0    ; 0            ; 0          ; |PDF_CPU|datapath:DP|register_file:RF|pipo_register:\gen_reg:0:regi|d_ff:\gen_dff:12:dffi                                         ; d_ff                         ; work         ;
;             |d_ff:\gen_dff:13:dffi|                ; 0 (0)               ; 1 (1)                     ; 0           ; 0          ; 0            ; 0       ; 0         ; 0    ; 0            ; 0          ; |PDF_CPU|datapath:DP|register_file:RF|pipo_register:\gen_reg:0:regi|d_ff:\gen_dff:13:dffi                                         ; d_ff                         ; work         ;
;             |d_ff:\gen_dff:14:dffi|                ; 0 (0)               ; 1 (1)                     ; 0           ; 0          ; 0            ; 0       ; 0         ; 0    ; 0            ; 0          ; |PDF_CPU|datapath:DP|register_file:RF|pipo_register:\gen_reg:0:regi|d_ff:\gen_dff:14:dffi                                         ; d_ff                         ; work         ;
;             |d_ff:\gen_dff:15:dffi|                ; 0 (0)               ; 1 (1)                     ; 0           ; 0          ; 0            ; 0       ; 0         ; 0    ; 0            ; 0          ; |PDF_CPU|datapath:DP|register_file:RF|pipo_register:\gen_reg:0:regi|d_ff:\gen_dff:15:dffi                                         ; d_ff                         ; work         ;
;             |d_ff:\gen_dff:1:dffi|                 ; 0 (0)               ; 1 (1)                     ; 0           ; 0          ; 0            ; 0       ; 0         ; 0    ; 0            ; 0          ; |PDF_CPU|datapath:DP|register_file:RF|pipo_register:\gen_reg:0:regi|d_ff:\gen_dff:1:dffi                                          ; d_ff                         ; work         ;
;             |d_ff:\gen_dff:2:dffi|                 ; 0 (0)               ; 1 (1)                     ; 0           ; 0          ; 0            ; 0       ; 0         ; 0    ; 0            ; 0          ; |PDF_CPU|datapath:DP|register_file:RF|pipo_register:\gen_reg:0:regi|d_ff:\gen_dff:2:dffi                                          ; d_ff                         ; work         ;
;             |d_ff:\gen_dff:3:dffi|                 ; 0 (0)               ; 1 (1)                     ; 0           ; 0          ; 0            ; 0       ; 0         ; 0    ; 0            ; 0          ; |PDF_CPU|datapath:DP|register_file:RF|pipo_register:\gen_reg:0:regi|d_ff:\gen_dff:3:dffi                                          ; d_ff                         ; work         ;
;             |d_ff:\gen_dff:4:dffi|                 ; 0 (0)               ; 1 (1)                     ; 0           ; 0          ; 0            ; 0       ; 0         ; 0    ; 0            ; 0          ; |PDF_CPU|datapath:DP|register_file:RF|pipo_register:\gen_reg:0:regi|d_ff:\gen_dff:4:dffi                                          ; d_ff                         ; work         ;
;             |d_ff:\gen_dff:5:dffi|                 ; 0 (0)               ; 1 (1)                     ; 0           ; 0          ; 0            ; 0       ; 0         ; 0    ; 0            ; 0          ; |PDF_CPU|datapath:DP|register_file:RF|pipo_register:\gen_reg:0:regi|d_ff:\gen_dff:5:dffi                                          ; d_ff                         ; work         ;
;             |d_ff:\gen_dff:6:dffi|                 ; 0 (0)               ; 1 (1)                     ; 0           ; 0          ; 0            ; 0       ; 0         ; 0    ; 0            ; 0          ; |PDF_CPU|datapath:DP|register_file:RF|pipo_register:\gen_reg:0:regi|d_ff:\gen_dff:6:dffi                                          ; d_ff                         ; work         ;
;             |d_ff:\gen_dff:7:dffi|                 ; 0 (0)               ; 1 (1)                     ; 0           ; 0          ; 0            ; 0       ; 0         ; 0    ; 0            ; 0          ; |PDF_CPU|datapath:DP|register_file:RF|pipo_register:\gen_reg:0:regi|d_ff:\gen_dff:7:dffi                                          ; d_ff                         ; work         ;
;             |d_ff:\gen_dff:8:dffi|                 ; 0 (0)               ; 1 (1)                     ; 0           ; 0          ; 0            ; 0       ; 0         ; 0    ; 0            ; 0          ; |PDF_CPU|datapath:DP|register_file:RF|pipo_register:\gen_reg:0:regi|d_ff:\gen_dff:8:dffi                                          ; d_ff                         ; work         ;
;             |d_ff:\gen_dff:9:dffi|                 ; 0 (0)               ; 1 (1)                     ; 0           ; 0          ; 0            ; 0       ; 0         ; 0    ; 0            ; 0          ; |PDF_CPU|datapath:DP|register_file:RF|pipo_register:\gen_reg:0:regi|d_ff:\gen_dff:9:dffi                                          ; d_ff                         ; work         ;
;          |pipo_register:\gen_reg:1:regi|           ; 0 (0)               ; 16 (0)                    ; 0           ; 0          ; 0            ; 0       ; 0         ; 0    ; 0            ; 0          ; |PDF_CPU|datapath:DP|register_file:RF|pipo_register:\gen_reg:1:regi                                                               ; pipo_register                ; work         ;
;             |d_ff:\gen_dff:0:dffi|                 ; 0 (0)               ; 1 (1)                     ; 0           ; 0          ; 0            ; 0       ; 0         ; 0    ; 0            ; 0          ; |PDF_CPU|datapath:DP|register_file:RF|pipo_register:\gen_reg:1:regi|d_ff:\gen_dff:0:dffi                                          ; d_ff                         ; work         ;
;             |d_ff:\gen_dff:10:dffi|                ; 0 (0)               ; 1 (1)                     ; 0           ; 0          ; 0            ; 0       ; 0         ; 0    ; 0            ; 0          ; |PDF_CPU|datapath:DP|register_file:RF|pipo_register:\gen_reg:1:regi|d_ff:\gen_dff:10:dffi                                         ; d_ff                         ; work         ;
;             |d_ff:\gen_dff:11:dffi|                ; 0 (0)               ; 1 (1)                     ; 0           ; 0          ; 0            ; 0       ; 0         ; 0    ; 0            ; 0          ; |PDF_CPU|datapath:DP|register_file:RF|pipo_register:\gen_reg:1:regi|d_ff:\gen_dff:11:dffi                                         ; d_ff                         ; work         ;
;             |d_ff:\gen_dff:12:dffi|                ; 0 (0)               ; 1 (1)                     ; 0           ; 0          ; 0            ; 0       ; 0         ; 0    ; 0            ; 0          ; |PDF_CPU|datapath:DP|register_file:RF|pipo_register:\gen_reg:1:regi|d_ff:\gen_dff:12:dffi                                         ; d_ff                         ; work         ;
;             |d_ff:\gen_dff:13:dffi|                ; 0 (0)               ; 1 (1)                     ; 0           ; 0          ; 0            ; 0       ; 0         ; 0    ; 0            ; 0          ; |PDF_CPU|datapath:DP|register_file:RF|pipo_register:\gen_reg:1:regi|d_ff:\gen_dff:13:dffi                                         ; d_ff                         ; work         ;
;             |d_ff:\gen_dff:14:dffi|                ; 0 (0)               ; 1 (1)                     ; 0           ; 0          ; 0            ; 0       ; 0         ; 0    ; 0            ; 0          ; |PDF_CPU|datapath:DP|register_file:RF|pipo_register:\gen_reg:1:regi|d_ff:\gen_dff:14:dffi                                         ; d_ff                         ; work         ;
;             |d_ff:\gen_dff:15:dffi|                ; 0 (0)               ; 1 (1)                     ; 0           ; 0          ; 0            ; 0       ; 0         ; 0    ; 0            ; 0          ; |PDF_CPU|datapath:DP|register_file:RF|pipo_register:\gen_reg:1:regi|d_ff:\gen_dff:15:dffi                                         ; d_ff                         ; work         ;
;             |d_ff:\gen_dff:1:dffi|                 ; 0 (0)               ; 1 (1)                     ; 0           ; 0          ; 0            ; 0       ; 0         ; 0    ; 0            ; 0          ; |PDF_CPU|datapath:DP|register_file:RF|pipo_register:\gen_reg:1:regi|d_ff:\gen_dff:1:dffi                                          ; d_ff                         ; work         ;
;             |d_ff:\gen_dff:2:dffi|                 ; 0 (0)               ; 1 (1)                     ; 0           ; 0          ; 0            ; 0       ; 0         ; 0    ; 0            ; 0          ; |PDF_CPU|datapath:DP|register_file:RF|pipo_register:\gen_reg:1:regi|d_ff:\gen_dff:2:dffi                                          ; d_ff                         ; work         ;
;             |d_ff:\gen_dff:3:dffi|                 ; 0 (0)               ; 1 (1)                     ; 0           ; 0          ; 0            ; 0       ; 0         ; 0    ; 0            ; 0          ; |PDF_CPU|datapath:DP|register_file:RF|pipo_register:\gen_reg:1:regi|d_ff:\gen_dff:3:dffi                                          ; d_ff                         ; work         ;
;             |d_ff:\gen_dff:4:dffi|                 ; 0 (0)               ; 1 (1)                     ; 0           ; 0          ; 0            ; 0       ; 0         ; 0    ; 0            ; 0          ; |PDF_CPU|datapath:DP|register_file:RF|pipo_register:\gen_reg:1:regi|d_ff:\gen_dff:4:dffi                                          ; d_ff                         ; work         ;
;             |d_ff:\gen_dff:5:dffi|                 ; 0 (0)               ; 1 (1)                     ; 0           ; 0          ; 0            ; 0       ; 0         ; 0    ; 0            ; 0          ; |PDF_CPU|datapath:DP|register_file:RF|pipo_register:\gen_reg:1:regi|d_ff:\gen_dff:5:dffi                                          ; d_ff                         ; work         ;
;             |d_ff:\gen_dff:6:dffi|                 ; 0 (0)               ; 1 (1)                     ; 0           ; 0          ; 0            ; 0       ; 0         ; 0    ; 0            ; 0          ; |PDF_CPU|datapath:DP|register_file:RF|pipo_register:\gen_reg:1:regi|d_ff:\gen_dff:6:dffi                                          ; d_ff                         ; work         ;
;             |d_ff:\gen_dff:7:dffi|                 ; 0 (0)               ; 1 (1)                     ; 0           ; 0          ; 0            ; 0       ; 0         ; 0    ; 0            ; 0          ; |PDF_CPU|datapath:DP|register_file:RF|pipo_register:\gen_reg:1:regi|d_ff:\gen_dff:7:dffi                                          ; d_ff                         ; work         ;
;             |d_ff:\gen_dff:8:dffi|                 ; 0 (0)               ; 1 (1)                     ; 0           ; 0          ; 0            ; 0       ; 0         ; 0    ; 0            ; 0          ; |PDF_CPU|datapath:DP|register_file:RF|pipo_register:\gen_reg:1:regi|d_ff:\gen_dff:8:dffi                                          ; d_ff                         ; work         ;
;             |d_ff:\gen_dff:9:dffi|                 ; 0 (0)               ; 1 (1)                     ; 0           ; 0          ; 0            ; 0       ; 0         ; 0    ; 0            ; 0          ; |PDF_CPU|datapath:DP|register_file:RF|pipo_register:\gen_reg:1:regi|d_ff:\gen_dff:9:dffi                                          ; d_ff                         ; work         ;
;          |pipo_register:\gen_reg:2:regi|           ; 0 (0)               ; 16 (0)                    ; 0           ; 0          ; 0            ; 0       ; 0         ; 0    ; 0            ; 0          ; |PDF_CPU|datapath:DP|register_file:RF|pipo_register:\gen_reg:2:regi                                                               ; pipo_register                ; work         ;
;             |d_ff:\gen_dff:0:dffi|                 ; 0 (0)               ; 1 (1)                     ; 0           ; 0          ; 0            ; 0       ; 0         ; 0    ; 0            ; 0          ; |PDF_CPU|datapath:DP|register_file:RF|pipo_register:\gen_reg:2:regi|d_ff:\gen_dff:0:dffi                                          ; d_ff                         ; work         ;
;             |d_ff:\gen_dff:10:dffi|                ; 0 (0)               ; 1 (1)                     ; 0           ; 0          ; 0            ; 0       ; 0         ; 0    ; 0            ; 0          ; |PDF_CPU|datapath:DP|register_file:RF|pipo_register:\gen_reg:2:regi|d_ff:\gen_dff:10:dffi                                         ; d_ff                         ; work         ;
;             |d_ff:\gen_dff:11:dffi|                ; 0 (0)               ; 1 (1)                     ; 0           ; 0          ; 0            ; 0       ; 0         ; 0    ; 0            ; 0          ; |PDF_CPU|datapath:DP|register_file:RF|pipo_register:\gen_reg:2:regi|d_ff:\gen_dff:11:dffi                                         ; d_ff                         ; work         ;
;             |d_ff:\gen_dff:12:dffi|                ; 0 (0)               ; 1 (1)                     ; 0           ; 0          ; 0            ; 0       ; 0         ; 0    ; 0            ; 0          ; |PDF_CPU|datapath:DP|register_file:RF|pipo_register:\gen_reg:2:regi|d_ff:\gen_dff:12:dffi                                         ; d_ff                         ; work         ;
;             |d_ff:\gen_dff:13:dffi|                ; 0 (0)               ; 1 (1)                     ; 0           ; 0          ; 0            ; 0       ; 0         ; 0    ; 0            ; 0          ; |PDF_CPU|datapath:DP|register_file:RF|pipo_register:\gen_reg:2:regi|d_ff:\gen_dff:13:dffi                                         ; d_ff                         ; work         ;
;             |d_ff:\gen_dff:14:dffi|                ; 0 (0)               ; 1 (1)                     ; 0           ; 0          ; 0            ; 0       ; 0         ; 0    ; 0            ; 0          ; |PDF_CPU|datapath:DP|register_file:RF|pipo_register:\gen_reg:2:regi|d_ff:\gen_dff:14:dffi                                         ; d_ff                         ; work         ;
;             |d_ff:\gen_dff:15:dffi|                ; 0 (0)               ; 1 (1)                     ; 0           ; 0          ; 0            ; 0       ; 0         ; 0    ; 0            ; 0          ; |PDF_CPU|datapath:DP|register_file:RF|pipo_register:\gen_reg:2:regi|d_ff:\gen_dff:15:dffi                                         ; d_ff                         ; work         ;
;             |d_ff:\gen_dff:1:dffi|                 ; 0 (0)               ; 1 (1)                     ; 0           ; 0          ; 0            ; 0       ; 0         ; 0    ; 0            ; 0          ; |PDF_CPU|datapath:DP|register_file:RF|pipo_register:\gen_reg:2:regi|d_ff:\gen_dff:1:dffi                                          ; d_ff                         ; work         ;
;             |d_ff:\gen_dff:2:dffi|                 ; 0 (0)               ; 1 (1)                     ; 0           ; 0          ; 0            ; 0       ; 0         ; 0    ; 0            ; 0          ; |PDF_CPU|datapath:DP|register_file:RF|pipo_register:\gen_reg:2:regi|d_ff:\gen_dff:2:dffi                                          ; d_ff                         ; work         ;
;             |d_ff:\gen_dff:3:dffi|                 ; 0 (0)               ; 1 (1)                     ; 0           ; 0          ; 0            ; 0       ; 0         ; 0    ; 0            ; 0          ; |PDF_CPU|datapath:DP|register_file:RF|pipo_register:\gen_reg:2:regi|d_ff:\gen_dff:3:dffi                                          ; d_ff                         ; work         ;
;             |d_ff:\gen_dff:4:dffi|                 ; 0 (0)               ; 1 (1)                     ; 0           ; 0          ; 0            ; 0       ; 0         ; 0    ; 0            ; 0          ; |PDF_CPU|datapath:DP|register_file:RF|pipo_register:\gen_reg:2:regi|d_ff:\gen_dff:4:dffi                                          ; d_ff                         ; work         ;
;             |d_ff:\gen_dff:5:dffi|                 ; 0 (0)               ; 1 (1)                     ; 0           ; 0          ; 0            ; 0       ; 0         ; 0    ; 0            ; 0          ; |PDF_CPU|datapath:DP|register_file:RF|pipo_register:\gen_reg:2:regi|d_ff:\gen_dff:5:dffi                                          ; d_ff                         ; work         ;
;             |d_ff:\gen_dff:6:dffi|                 ; 0 (0)               ; 1 (1)                     ; 0           ; 0          ; 0            ; 0       ; 0         ; 0    ; 0            ; 0          ; |PDF_CPU|datapath:DP|register_file:RF|pipo_register:\gen_reg:2:regi|d_ff:\gen_dff:6:dffi                                          ; d_ff                         ; work         ;
;             |d_ff:\gen_dff:7:dffi|                 ; 0 (0)               ; 1 (1)                     ; 0           ; 0          ; 0            ; 0       ; 0         ; 0    ; 0            ; 0          ; |PDF_CPU|datapath:DP|register_file:RF|pipo_register:\gen_reg:2:regi|d_ff:\gen_dff:7:dffi                                          ; d_ff                         ; work         ;
;             |d_ff:\gen_dff:8:dffi|                 ; 0 (0)               ; 1 (1)                     ; 0           ; 0          ; 0            ; 0       ; 0         ; 0    ; 0            ; 0          ; |PDF_CPU|datapath:DP|register_file:RF|pipo_register:\gen_reg:2:regi|d_ff:\gen_dff:8:dffi                                          ; d_ff                         ; work         ;
;             |d_ff:\gen_dff:9:dffi|                 ; 0 (0)               ; 1 (1)                     ; 0           ; 0          ; 0            ; 0       ; 0         ; 0    ; 0            ; 0          ; |PDF_CPU|datapath:DP|register_file:RF|pipo_register:\gen_reg:2:regi|d_ff:\gen_dff:9:dffi                                          ; d_ff                         ; work         ;
;          |pipo_register:\gen_reg:3:regi|           ; 0 (0)               ; 16 (0)                    ; 0           ; 0          ; 0            ; 0       ; 0         ; 0    ; 0            ; 0          ; |PDF_CPU|datapath:DP|register_file:RF|pipo_register:\gen_reg:3:regi                                                               ; pipo_register                ; work         ;
;             |d_ff:\gen_dff:0:dffi|                 ; 0 (0)               ; 1 (1)                     ; 0           ; 0          ; 0            ; 0       ; 0         ; 0    ; 0            ; 0          ; |PDF_CPU|datapath:DP|register_file:RF|pipo_register:\gen_reg:3:regi|d_ff:\gen_dff:0:dffi                                          ; d_ff                         ; work         ;
;             |d_ff:\gen_dff:10:dffi|                ; 0 (0)               ; 1 (1)                     ; 0           ; 0          ; 0            ; 0       ; 0         ; 0    ; 0            ; 0          ; |PDF_CPU|datapath:DP|register_file:RF|pipo_register:\gen_reg:3:regi|d_ff:\gen_dff:10:dffi                                         ; d_ff                         ; work         ;
;             |d_ff:\gen_dff:11:dffi|                ; 0 (0)               ; 1 (1)                     ; 0           ; 0          ; 0            ; 0       ; 0         ; 0    ; 0            ; 0          ; |PDF_CPU|datapath:DP|register_file:RF|pipo_register:\gen_reg:3:regi|d_ff:\gen_dff:11:dffi                                         ; d_ff                         ; work         ;
;             |d_ff:\gen_dff:12:dffi|                ; 0 (0)               ; 1 (1)                     ; 0           ; 0          ; 0            ; 0       ; 0         ; 0    ; 0            ; 0          ; |PDF_CPU|datapath:DP|register_file:RF|pipo_register:\gen_reg:3:regi|d_ff:\gen_dff:12:dffi                                         ; d_ff                         ; work         ;
;             |d_ff:\gen_dff:13:dffi|                ; 0 (0)               ; 1 (1)                     ; 0           ; 0          ; 0            ; 0       ; 0         ; 0    ; 0            ; 0          ; |PDF_CPU|datapath:DP|register_file:RF|pipo_register:\gen_reg:3:regi|d_ff:\gen_dff:13:dffi                                         ; d_ff                         ; work         ;
;             |d_ff:\gen_dff:14:dffi|                ; 0 (0)               ; 1 (1)                     ; 0           ; 0          ; 0            ; 0       ; 0         ; 0    ; 0            ; 0          ; |PDF_CPU|datapath:DP|register_file:RF|pipo_register:\gen_reg:3:regi|d_ff:\gen_dff:14:dffi                                         ; d_ff                         ; work         ;
;             |d_ff:\gen_dff:15:dffi|                ; 0 (0)               ; 1 (1)                     ; 0           ; 0          ; 0            ; 0       ; 0         ; 0    ; 0            ; 0          ; |PDF_CPU|datapath:DP|register_file:RF|pipo_register:\gen_reg:3:regi|d_ff:\gen_dff:15:dffi                                         ; d_ff                         ; work         ;
;             |d_ff:\gen_dff:1:dffi|                 ; 0 (0)               ; 1 (1)                     ; 0           ; 0          ; 0            ; 0       ; 0         ; 0    ; 0            ; 0          ; |PDF_CPU|datapath:DP|register_file:RF|pipo_register:\gen_reg:3:regi|d_ff:\gen_dff:1:dffi                                          ; d_ff                         ; work         ;
;             |d_ff:\gen_dff:2:dffi|                 ; 0 (0)               ; 1 (1)                     ; 0           ; 0          ; 0            ; 0       ; 0         ; 0    ; 0            ; 0          ; |PDF_CPU|datapath:DP|register_file:RF|pipo_register:\gen_reg:3:regi|d_ff:\gen_dff:2:dffi                                          ; d_ff                         ; work         ;
;             |d_ff:\gen_dff:3:dffi|                 ; 0 (0)               ; 1 (1)                     ; 0           ; 0          ; 0            ; 0       ; 0         ; 0    ; 0            ; 0          ; |PDF_CPU|datapath:DP|register_file:RF|pipo_register:\gen_reg:3:regi|d_ff:\gen_dff:3:dffi                                          ; d_ff                         ; work         ;
;             |d_ff:\gen_dff:4:dffi|                 ; 0 (0)               ; 1 (1)                     ; 0           ; 0          ; 0            ; 0       ; 0         ; 0    ; 0            ; 0          ; |PDF_CPU|datapath:DP|register_file:RF|pipo_register:\gen_reg:3:regi|d_ff:\gen_dff:4:dffi                                          ; d_ff                         ; work         ;
;             |d_ff:\gen_dff:5:dffi|                 ; 0 (0)               ; 1 (1)                     ; 0           ; 0          ; 0            ; 0       ; 0         ; 0    ; 0            ; 0          ; |PDF_CPU|datapath:DP|register_file:RF|pipo_register:\gen_reg:3:regi|d_ff:\gen_dff:5:dffi                                          ; d_ff                         ; work         ;
;             |d_ff:\gen_dff:6:dffi|                 ; 0 (0)               ; 1 (1)                     ; 0           ; 0          ; 0            ; 0       ; 0         ; 0    ; 0            ; 0          ; |PDF_CPU|datapath:DP|register_file:RF|pipo_register:\gen_reg:3:regi|d_ff:\gen_dff:6:dffi                                          ; d_ff                         ; work         ;
;             |d_ff:\gen_dff:7:dffi|                 ; 0 (0)               ; 1 (1)                     ; 0           ; 0          ; 0            ; 0       ; 0         ; 0    ; 0            ; 0          ; |PDF_CPU|datapath:DP|register_file:RF|pipo_register:\gen_reg:3:regi|d_ff:\gen_dff:7:dffi                                          ; d_ff                         ; work         ;
;             |d_ff:\gen_dff:8:dffi|                 ; 0 (0)               ; 1 (1)                     ; 0           ; 0          ; 0            ; 0       ; 0         ; 0    ; 0            ; 0          ; |PDF_CPU|datapath:DP|register_file:RF|pipo_register:\gen_reg:3:regi|d_ff:\gen_dff:8:dffi                                          ; d_ff                         ; work         ;
;             |d_ff:\gen_dff:9:dffi|                 ; 0 (0)               ; 1 (1)                     ; 0           ; 0          ; 0            ; 0       ; 0         ; 0    ; 0            ; 0          ; |PDF_CPU|datapath:DP|register_file:RF|pipo_register:\gen_reg:3:regi|d_ff:\gen_dff:9:dffi                                          ; d_ff                         ; work         ;
;          |pipo_register:\gen_reg:4:regi|           ; 0 (0)               ; 16 (0)                    ; 0           ; 0          ; 0            ; 0       ; 0         ; 0    ; 0            ; 0          ; |PDF_CPU|datapath:DP|register_file:RF|pipo_register:\gen_reg:4:regi                                                               ; pipo_register                ; work         ;
;             |d_ff:\gen_dff:0:dffi|                 ; 0 (0)               ; 1 (1)                     ; 0           ; 0          ; 0            ; 0       ; 0         ; 0    ; 0            ; 0          ; |PDF_CPU|datapath:DP|register_file:RF|pipo_register:\gen_reg:4:regi|d_ff:\gen_dff:0:dffi                                          ; d_ff                         ; work         ;
;             |d_ff:\gen_dff:10:dffi|                ; 0 (0)               ; 1 (1)                     ; 0           ; 0          ; 0            ; 0       ; 0         ; 0    ; 0            ; 0          ; |PDF_CPU|datapath:DP|register_file:RF|pipo_register:\gen_reg:4:regi|d_ff:\gen_dff:10:dffi                                         ; d_ff                         ; work         ;
;             |d_ff:\gen_dff:11:dffi|                ; 0 (0)               ; 1 (1)                     ; 0           ; 0          ; 0            ; 0       ; 0         ; 0    ; 0            ; 0          ; |PDF_CPU|datapath:DP|register_file:RF|pipo_register:\gen_reg:4:regi|d_ff:\gen_dff:11:dffi                                         ; d_ff                         ; work         ;
;             |d_ff:\gen_dff:12:dffi|                ; 0 (0)               ; 1 (1)                     ; 0           ; 0          ; 0            ; 0       ; 0         ; 0    ; 0            ; 0          ; |PDF_CPU|datapath:DP|register_file:RF|pipo_register:\gen_reg:4:regi|d_ff:\gen_dff:12:dffi                                         ; d_ff                         ; work         ;
;             |d_ff:\gen_dff:13:dffi|                ; 0 (0)               ; 1 (1)                     ; 0           ; 0          ; 0            ; 0       ; 0         ; 0    ; 0            ; 0          ; |PDF_CPU|datapath:DP|register_file:RF|pipo_register:\gen_reg:4:regi|d_ff:\gen_dff:13:dffi                                         ; d_ff                         ; work         ;
;             |d_ff:\gen_dff:14:dffi|                ; 0 (0)               ; 1 (1)                     ; 0           ; 0          ; 0            ; 0       ; 0         ; 0    ; 0            ; 0          ; |PDF_CPU|datapath:DP|register_file:RF|pipo_register:\gen_reg:4:regi|d_ff:\gen_dff:14:dffi                                         ; d_ff                         ; work         ;
;             |d_ff:\gen_dff:15:dffi|                ; 0 (0)               ; 1 (1)                     ; 0           ; 0          ; 0            ; 0       ; 0         ; 0    ; 0            ; 0          ; |PDF_CPU|datapath:DP|register_file:RF|pipo_register:\gen_reg:4:regi|d_ff:\gen_dff:15:dffi                                         ; d_ff                         ; work         ;
;             |d_ff:\gen_dff:1:dffi|                 ; 0 (0)               ; 1 (1)                     ; 0           ; 0          ; 0            ; 0       ; 0         ; 0    ; 0            ; 0          ; |PDF_CPU|datapath:DP|register_file:RF|pipo_register:\gen_reg:4:regi|d_ff:\gen_dff:1:dffi                                          ; d_ff                         ; work         ;
;             |d_ff:\gen_dff:2:dffi|                 ; 0 (0)               ; 1 (1)                     ; 0           ; 0          ; 0            ; 0       ; 0         ; 0    ; 0            ; 0          ; |PDF_CPU|datapath:DP|register_file:RF|pipo_register:\gen_reg:4:regi|d_ff:\gen_dff:2:dffi                                          ; d_ff                         ; work         ;
;             |d_ff:\gen_dff:3:dffi|                 ; 0 (0)               ; 1 (1)                     ; 0           ; 0          ; 0            ; 0       ; 0         ; 0    ; 0            ; 0          ; |PDF_CPU|datapath:DP|register_file:RF|pipo_register:\gen_reg:4:regi|d_ff:\gen_dff:3:dffi                                          ; d_ff                         ; work         ;
;             |d_ff:\gen_dff:4:dffi|                 ; 0 (0)               ; 1 (1)                     ; 0           ; 0          ; 0            ; 0       ; 0         ; 0    ; 0            ; 0          ; |PDF_CPU|datapath:DP|register_file:RF|pipo_register:\gen_reg:4:regi|d_ff:\gen_dff:4:dffi                                          ; d_ff                         ; work         ;
;             |d_ff:\gen_dff:5:dffi|                 ; 0 (0)               ; 1 (1)                     ; 0           ; 0          ; 0            ; 0       ; 0         ; 0    ; 0            ; 0          ; |PDF_CPU|datapath:DP|register_file:RF|pipo_register:\gen_reg:4:regi|d_ff:\gen_dff:5:dffi                                          ; d_ff                         ; work         ;
;             |d_ff:\gen_dff:6:dffi|                 ; 0 (0)               ; 1 (1)                     ; 0           ; 0          ; 0            ; 0       ; 0         ; 0    ; 0            ; 0          ; |PDF_CPU|datapath:DP|register_file:RF|pipo_register:\gen_reg:4:regi|d_ff:\gen_dff:6:dffi                                          ; d_ff                         ; work         ;
;             |d_ff:\gen_dff:7:dffi|                 ; 0 (0)               ; 1 (1)                     ; 0           ; 0          ; 0            ; 0       ; 0         ; 0    ; 0            ; 0          ; |PDF_CPU|datapath:DP|register_file:RF|pipo_register:\gen_reg:4:regi|d_ff:\gen_dff:7:dffi                                          ; d_ff                         ; work         ;
;             |d_ff:\gen_dff:8:dffi|                 ; 0 (0)               ; 1 (1)                     ; 0           ; 0          ; 0            ; 0       ; 0         ; 0    ; 0            ; 0          ; |PDF_CPU|datapath:DP|register_file:RF|pipo_register:\gen_reg:4:regi|d_ff:\gen_dff:8:dffi                                          ; d_ff                         ; work         ;
;             |d_ff:\gen_dff:9:dffi|                 ; 0 (0)               ; 1 (1)                     ; 0           ; 0          ; 0            ; 0       ; 0         ; 0    ; 0            ; 0          ; |PDF_CPU|datapath:DP|register_file:RF|pipo_register:\gen_reg:4:regi|d_ff:\gen_dff:9:dffi                                          ; d_ff                         ; work         ;
;          |pipo_register:\gen_reg:5:regi|           ; 0 (0)               ; 16 (0)                    ; 0           ; 0          ; 0            ; 0       ; 0         ; 0    ; 0            ; 0          ; |PDF_CPU|datapath:DP|register_file:RF|pipo_register:\gen_reg:5:regi                                                               ; pipo_register                ; work         ;
;             |d_ff:\gen_dff:0:dffi|                 ; 0 (0)               ; 1 (1)                     ; 0           ; 0          ; 0            ; 0       ; 0         ; 0    ; 0            ; 0          ; |PDF_CPU|datapath:DP|register_file:RF|pipo_register:\gen_reg:5:regi|d_ff:\gen_dff:0:dffi                                          ; d_ff                         ; work         ;
;             |d_ff:\gen_dff:10:dffi|                ; 0 (0)               ; 1 (1)                     ; 0           ; 0          ; 0            ; 0       ; 0         ; 0    ; 0            ; 0          ; |PDF_CPU|datapath:DP|register_file:RF|pipo_register:\gen_reg:5:regi|d_ff:\gen_dff:10:dffi                                         ; d_ff                         ; work         ;
;             |d_ff:\gen_dff:11:dffi|                ; 0 (0)               ; 1 (1)                     ; 0           ; 0          ; 0            ; 0       ; 0         ; 0    ; 0            ; 0          ; |PDF_CPU|datapath:DP|register_file:RF|pipo_register:\gen_reg:5:regi|d_ff:\gen_dff:11:dffi                                         ; d_ff                         ; work         ;
;             |d_ff:\gen_dff:12:dffi|                ; 0 (0)               ; 1 (1)                     ; 0           ; 0          ; 0            ; 0       ; 0         ; 0    ; 0            ; 0          ; |PDF_CPU|datapath:DP|register_file:RF|pipo_register:\gen_reg:5:regi|d_ff:\gen_dff:12:dffi                                         ; d_ff                         ; work         ;
;             |d_ff:\gen_dff:13:dffi|                ; 0 (0)               ; 1 (1)                     ; 0           ; 0          ; 0            ; 0       ; 0         ; 0    ; 0            ; 0          ; |PDF_CPU|datapath:DP|register_file:RF|pipo_register:\gen_reg:5:regi|d_ff:\gen_dff:13:dffi                                         ; d_ff                         ; work         ;
;             |d_ff:\gen_dff:14:dffi|                ; 0 (0)               ; 1 (1)                     ; 0           ; 0          ; 0            ; 0       ; 0         ; 0    ; 0            ; 0          ; |PDF_CPU|datapath:DP|register_file:RF|pipo_register:\gen_reg:5:regi|d_ff:\gen_dff:14:dffi                                         ; d_ff                         ; work         ;
;             |d_ff:\gen_dff:15:dffi|                ; 0 (0)               ; 1 (1)                     ; 0           ; 0          ; 0            ; 0       ; 0         ; 0    ; 0            ; 0          ; |PDF_CPU|datapath:DP|register_file:RF|pipo_register:\gen_reg:5:regi|d_ff:\gen_dff:15:dffi                                         ; d_ff                         ; work         ;
;             |d_ff:\gen_dff:1:dffi|                 ; 0 (0)               ; 1 (1)                     ; 0           ; 0          ; 0            ; 0       ; 0         ; 0    ; 0            ; 0          ; |PDF_CPU|datapath:DP|register_file:RF|pipo_register:\gen_reg:5:regi|d_ff:\gen_dff:1:dffi                                          ; d_ff                         ; work         ;
;             |d_ff:\gen_dff:2:dffi|                 ; 0 (0)               ; 1 (1)                     ; 0           ; 0          ; 0            ; 0       ; 0         ; 0    ; 0            ; 0          ; |PDF_CPU|datapath:DP|register_file:RF|pipo_register:\gen_reg:5:regi|d_ff:\gen_dff:2:dffi                                          ; d_ff                         ; work         ;
;             |d_ff:\gen_dff:3:dffi|                 ; 0 (0)               ; 1 (1)                     ; 0           ; 0          ; 0            ; 0       ; 0         ; 0    ; 0            ; 0          ; |PDF_CPU|datapath:DP|register_file:RF|pipo_register:\gen_reg:5:regi|d_ff:\gen_dff:3:dffi                                          ; d_ff                         ; work         ;
;             |d_ff:\gen_dff:4:dffi|                 ; 0 (0)               ; 1 (1)                     ; 0           ; 0          ; 0            ; 0       ; 0         ; 0    ; 0            ; 0          ; |PDF_CPU|datapath:DP|register_file:RF|pipo_register:\gen_reg:5:regi|d_ff:\gen_dff:4:dffi                                          ; d_ff                         ; work         ;
;             |d_ff:\gen_dff:5:dffi|                 ; 0 (0)               ; 1 (1)                     ; 0           ; 0          ; 0            ; 0       ; 0         ; 0    ; 0            ; 0          ; |PDF_CPU|datapath:DP|register_file:RF|pipo_register:\gen_reg:5:regi|d_ff:\gen_dff:5:dffi                                          ; d_ff                         ; work         ;
;             |d_ff:\gen_dff:6:dffi|                 ; 0 (0)               ; 1 (1)                     ; 0           ; 0          ; 0            ; 0       ; 0         ; 0    ; 0            ; 0          ; |PDF_CPU|datapath:DP|register_file:RF|pipo_register:\gen_reg:5:regi|d_ff:\gen_dff:6:dffi                                          ; d_ff                         ; work         ;
;             |d_ff:\gen_dff:7:dffi|                 ; 0 (0)               ; 1 (1)                     ; 0           ; 0          ; 0            ; 0       ; 0         ; 0    ; 0            ; 0          ; |PDF_CPU|datapath:DP|register_file:RF|pipo_register:\gen_reg:5:regi|d_ff:\gen_dff:7:dffi                                          ; d_ff                         ; work         ;
;             |d_ff:\gen_dff:8:dffi|                 ; 0 (0)               ; 1 (1)                     ; 0           ; 0          ; 0            ; 0       ; 0         ; 0    ; 0            ; 0          ; |PDF_CPU|datapath:DP|register_file:RF|pipo_register:\gen_reg:5:regi|d_ff:\gen_dff:8:dffi                                          ; d_ff                         ; work         ;
;             |d_ff:\gen_dff:9:dffi|                 ; 0 (0)               ; 1 (1)                     ; 0           ; 0          ; 0            ; 0       ; 0         ; 0    ; 0            ; 0          ; |PDF_CPU|datapath:DP|register_file:RF|pipo_register:\gen_reg:5:regi|d_ff:\gen_dff:9:dffi                                          ; d_ff                         ; work         ;
;          |pipo_register:\gen_reg:6:regi|           ; 0 (0)               ; 16 (0)                    ; 0           ; 0          ; 0            ; 0       ; 0         ; 0    ; 0            ; 0          ; |PDF_CPU|datapath:DP|register_file:RF|pipo_register:\gen_reg:6:regi                                                               ; pipo_register                ; work         ;
;             |d_ff:\gen_dff:0:dffi|                 ; 0 (0)               ; 1 (1)                     ; 0           ; 0          ; 0            ; 0       ; 0         ; 0    ; 0            ; 0          ; |PDF_CPU|datapath:DP|register_file:RF|pipo_register:\gen_reg:6:regi|d_ff:\gen_dff:0:dffi                                          ; d_ff                         ; work         ;
;             |d_ff:\gen_dff:10:dffi|                ; 0 (0)               ; 1 (1)                     ; 0           ; 0          ; 0            ; 0       ; 0         ; 0    ; 0            ; 0          ; |PDF_CPU|datapath:DP|register_file:RF|pipo_register:\gen_reg:6:regi|d_ff:\gen_dff:10:dffi                                         ; d_ff                         ; work         ;
;             |d_ff:\gen_dff:11:dffi|                ; 0 (0)               ; 1 (1)                     ; 0           ; 0          ; 0            ; 0       ; 0         ; 0    ; 0            ; 0          ; |PDF_CPU|datapath:DP|register_file:RF|pipo_register:\gen_reg:6:regi|d_ff:\gen_dff:11:dffi                                         ; d_ff                         ; work         ;
;             |d_ff:\gen_dff:12:dffi|                ; 0 (0)               ; 1 (1)                     ; 0           ; 0          ; 0            ; 0       ; 0         ; 0    ; 0            ; 0          ; |PDF_CPU|datapath:DP|register_file:RF|pipo_register:\gen_reg:6:regi|d_ff:\gen_dff:12:dffi                                         ; d_ff                         ; work         ;
;             |d_ff:\gen_dff:13:dffi|                ; 0 (0)               ; 1 (1)                     ; 0           ; 0          ; 0            ; 0       ; 0         ; 0    ; 0            ; 0          ; |PDF_CPU|datapath:DP|register_file:RF|pipo_register:\gen_reg:6:regi|d_ff:\gen_dff:13:dffi                                         ; d_ff                         ; work         ;
;             |d_ff:\gen_dff:14:dffi|                ; 0 (0)               ; 1 (1)                     ; 0           ; 0          ; 0            ; 0       ; 0         ; 0    ; 0            ; 0          ; |PDF_CPU|datapath:DP|register_file:RF|pipo_register:\gen_reg:6:regi|d_ff:\gen_dff:14:dffi                                         ; d_ff                         ; work         ;
;             |d_ff:\gen_dff:15:dffi|                ; 0 (0)               ; 1 (1)                     ; 0           ; 0          ; 0            ; 0       ; 0         ; 0    ; 0            ; 0          ; |PDF_CPU|datapath:DP|register_file:RF|pipo_register:\gen_reg:6:regi|d_ff:\gen_dff:15:dffi                                         ; d_ff                         ; work         ;
;             |d_ff:\gen_dff:1:dffi|                 ; 0 (0)               ; 1 (1)                     ; 0           ; 0          ; 0            ; 0       ; 0         ; 0    ; 0            ; 0          ; |PDF_CPU|datapath:DP|register_file:RF|pipo_register:\gen_reg:6:regi|d_ff:\gen_dff:1:dffi                                          ; d_ff                         ; work         ;
;             |d_ff:\gen_dff:2:dffi|                 ; 0 (0)               ; 1 (1)                     ; 0           ; 0          ; 0            ; 0       ; 0         ; 0    ; 0            ; 0          ; |PDF_CPU|datapath:DP|register_file:RF|pipo_register:\gen_reg:6:regi|d_ff:\gen_dff:2:dffi                                          ; d_ff                         ; work         ;
;             |d_ff:\gen_dff:3:dffi|                 ; 0 (0)               ; 1 (1)                     ; 0           ; 0          ; 0            ; 0       ; 0         ; 0    ; 0            ; 0          ; |PDF_CPU|datapath:DP|register_file:RF|pipo_register:\gen_reg:6:regi|d_ff:\gen_dff:3:dffi                                          ; d_ff                         ; work         ;
;             |d_ff:\gen_dff:4:dffi|                 ; 0 (0)               ; 1 (1)                     ; 0           ; 0          ; 0            ; 0       ; 0         ; 0    ; 0            ; 0          ; |PDF_CPU|datapath:DP|register_file:RF|pipo_register:\gen_reg:6:regi|d_ff:\gen_dff:4:dffi                                          ; d_ff                         ; work         ;
;             |d_ff:\gen_dff:5:dffi|                 ; 0 (0)               ; 1 (1)                     ; 0           ; 0          ; 0            ; 0       ; 0         ; 0    ; 0            ; 0          ; |PDF_CPU|datapath:DP|register_file:RF|pipo_register:\gen_reg:6:regi|d_ff:\gen_dff:5:dffi                                          ; d_ff                         ; work         ;
;             |d_ff:\gen_dff:6:dffi|                 ; 0 (0)               ; 1 (1)                     ; 0           ; 0          ; 0            ; 0       ; 0         ; 0    ; 0            ; 0          ; |PDF_CPU|datapath:DP|register_file:RF|pipo_register:\gen_reg:6:regi|d_ff:\gen_dff:6:dffi                                          ; d_ff                         ; work         ;
;             |d_ff:\gen_dff:7:dffi|                 ; 0 (0)               ; 1 (1)                     ; 0           ; 0          ; 0            ; 0       ; 0         ; 0    ; 0            ; 0          ; |PDF_CPU|datapath:DP|register_file:RF|pipo_register:\gen_reg:6:regi|d_ff:\gen_dff:7:dffi                                          ; d_ff                         ; work         ;
;             |d_ff:\gen_dff:8:dffi|                 ; 0 (0)               ; 1 (1)                     ; 0           ; 0          ; 0            ; 0       ; 0         ; 0    ; 0            ; 0          ; |PDF_CPU|datapath:DP|register_file:RF|pipo_register:\gen_reg:6:regi|d_ff:\gen_dff:8:dffi                                          ; d_ff                         ; work         ;
;             |d_ff:\gen_dff:9:dffi|                 ; 0 (0)               ; 1 (1)                     ; 0           ; 0          ; 0            ; 0       ; 0         ; 0    ; 0            ; 0          ; |PDF_CPU|datapath:DP|register_file:RF|pipo_register:\gen_reg:6:regi|d_ff:\gen_dff:9:dffi                                          ; d_ff                         ; work         ;
;          |pipo_register:\gen_reg:7:regi|           ; 0 (0)               ; 16 (0)                    ; 0           ; 0          ; 0            ; 0       ; 0         ; 0    ; 0            ; 0          ; |PDF_CPU|datapath:DP|register_file:RF|pipo_register:\gen_reg:7:regi                                                               ; pipo_register                ; work         ;
;             |d_ff:\gen_dff:0:dffi|                 ; 0 (0)               ; 1 (1)                     ; 0           ; 0          ; 0            ; 0       ; 0         ; 0    ; 0            ; 0          ; |PDF_CPU|datapath:DP|register_file:RF|pipo_register:\gen_reg:7:regi|d_ff:\gen_dff:0:dffi                                          ; d_ff                         ; work         ;
;             |d_ff:\gen_dff:10:dffi|                ; 0 (0)               ; 1 (1)                     ; 0           ; 0          ; 0            ; 0       ; 0         ; 0    ; 0            ; 0          ; |PDF_CPU|datapath:DP|register_file:RF|pipo_register:\gen_reg:7:regi|d_ff:\gen_dff:10:dffi                                         ; d_ff                         ; work         ;
;             |d_ff:\gen_dff:11:dffi|                ; 0 (0)               ; 1 (1)                     ; 0           ; 0          ; 0            ; 0       ; 0         ; 0    ; 0            ; 0          ; |PDF_CPU|datapath:DP|register_file:RF|pipo_register:\gen_reg:7:regi|d_ff:\gen_dff:11:dffi                                         ; d_ff                         ; work         ;
;             |d_ff:\gen_dff:12:dffi|                ; 0 (0)               ; 1 (1)                     ; 0           ; 0          ; 0            ; 0       ; 0         ; 0    ; 0            ; 0          ; |PDF_CPU|datapath:DP|register_file:RF|pipo_register:\gen_reg:7:regi|d_ff:\gen_dff:12:dffi                                         ; d_ff                         ; work         ;
;             |d_ff:\gen_dff:13:dffi|                ; 0 (0)               ; 1 (1)                     ; 0           ; 0          ; 0            ; 0       ; 0         ; 0    ; 0            ; 0          ; |PDF_CPU|datapath:DP|register_file:RF|pipo_register:\gen_reg:7:regi|d_ff:\gen_dff:13:dffi                                         ; d_ff                         ; work         ;
;             |d_ff:\gen_dff:14:dffi|                ; 0 (0)               ; 1 (1)                     ; 0           ; 0          ; 0            ; 0       ; 0         ; 0    ; 0            ; 0          ; |PDF_CPU|datapath:DP|register_file:RF|pipo_register:\gen_reg:7:regi|d_ff:\gen_dff:14:dffi                                         ; d_ff                         ; work         ;
;             |d_ff:\gen_dff:15:dffi|                ; 0 (0)               ; 1 (1)                     ; 0           ; 0          ; 0            ; 0       ; 0         ; 0    ; 0            ; 0          ; |PDF_CPU|datapath:DP|register_file:RF|pipo_register:\gen_reg:7:regi|d_ff:\gen_dff:15:dffi                                         ; d_ff                         ; work         ;
;             |d_ff:\gen_dff:1:dffi|                 ; 0 (0)               ; 1 (1)                     ; 0           ; 0          ; 0            ; 0       ; 0         ; 0    ; 0            ; 0          ; |PDF_CPU|datapath:DP|register_file:RF|pipo_register:\gen_reg:7:regi|d_ff:\gen_dff:1:dffi                                          ; d_ff                         ; work         ;
;             |d_ff:\gen_dff:2:dffi|                 ; 0 (0)               ; 1 (1)                     ; 0           ; 0          ; 0            ; 0       ; 0         ; 0    ; 0            ; 0          ; |PDF_CPU|datapath:DP|register_file:RF|pipo_register:\gen_reg:7:regi|d_ff:\gen_dff:2:dffi                                          ; d_ff                         ; work         ;
;             |d_ff:\gen_dff:3:dffi|                 ; 0 (0)               ; 1 (1)                     ; 0           ; 0          ; 0            ; 0       ; 0         ; 0    ; 0            ; 0          ; |PDF_CPU|datapath:DP|register_file:RF|pipo_register:\gen_reg:7:regi|d_ff:\gen_dff:3:dffi                                          ; d_ff                         ; work         ;
;             |d_ff:\gen_dff:4:dffi|                 ; 0 (0)               ; 1 (1)                     ; 0           ; 0          ; 0            ; 0       ; 0         ; 0    ; 0            ; 0          ; |PDF_CPU|datapath:DP|register_file:RF|pipo_register:\gen_reg:7:regi|d_ff:\gen_dff:4:dffi                                          ; d_ff                         ; work         ;
;             |d_ff:\gen_dff:5:dffi|                 ; 0 (0)               ; 1 (1)                     ; 0           ; 0          ; 0            ; 0       ; 0         ; 0    ; 0            ; 0          ; |PDF_CPU|datapath:DP|register_file:RF|pipo_register:\gen_reg:7:regi|d_ff:\gen_dff:5:dffi                                          ; d_ff                         ; work         ;
;             |d_ff:\gen_dff:6:dffi|                 ; 0 (0)               ; 1 (1)                     ; 0           ; 0          ; 0            ; 0       ; 0         ; 0    ; 0            ; 0          ; |PDF_CPU|datapath:DP|register_file:RF|pipo_register:\gen_reg:7:regi|d_ff:\gen_dff:6:dffi                                          ; d_ff                         ; work         ;
;             |d_ff:\gen_dff:7:dffi|                 ; 0 (0)               ; 1 (1)                     ; 0           ; 0          ; 0            ; 0       ; 0         ; 0    ; 0            ; 0          ; |PDF_CPU|datapath:DP|register_file:RF|pipo_register:\gen_reg:7:regi|d_ff:\gen_dff:7:dffi                                          ; d_ff                         ; work         ;
;             |d_ff:\gen_dff:8:dffi|                 ; 0 (0)               ; 1 (1)                     ; 0           ; 0          ; 0            ; 0       ; 0         ; 0    ; 0            ; 0          ; |PDF_CPU|datapath:DP|register_file:RF|pipo_register:\gen_reg:7:regi|d_ff:\gen_dff:8:dffi                                          ; d_ff                         ; work         ;
;             |d_ff:\gen_dff:9:dffi|                 ; 0 (0)               ; 1 (1)                     ; 0           ; 0          ; 0            ; 0       ; 0         ; 0    ; 0            ; 0          ; |PDF_CPU|datapath:DP|register_file:RF|pipo_register:\gen_reg:7:regi|d_ff:\gen_dff:9:dffi                                          ; d_ff                         ; work         ;
;       |sixteen_bit_full_adder:Incrementer|         ; 15 (0)              ; 0 (0)                     ; 0           ; 0          ; 0            ; 0       ; 0         ; 0    ; 0            ; 0          ; |PDF_CPU|datapath:DP|sixteen_bit_full_adder:Incrementer                                                                           ; sixteen_bit_full_adder       ; work         ;
;          |full_adder:inst11|                       ; 1 (0)               ; 0 (0)                     ; 0           ; 0          ; 0            ; 0       ; 0         ; 0    ; 0            ; 0          ; |PDF_CPU|datapath:DP|sixteen_bit_full_adder:Incrementer|full_adder:inst11                                                         ; full_adder                   ; work         ;
;             |XOR_2:inst2|                          ; 1 (1)               ; 0 (0)                     ; 0           ; 0          ; 0            ; 0       ; 0         ; 0    ; 0            ; 0          ; |PDF_CPU|datapath:DP|sixteen_bit_full_adder:Incrementer|full_adder:inst11|XOR_2:inst2                                             ; XOR_2                        ; work         ;
;          |full_adder:inst12|                       ; 2 (0)               ; 0 (0)                     ; 0           ; 0          ; 0            ; 0       ; 0         ; 0    ; 0            ; 0          ; |PDF_CPU|datapath:DP|sixteen_bit_full_adder:Incrementer|full_adder:inst12                                                         ; full_adder                   ; work         ;
;             |NAND_2:inst3|                         ; 1 (1)               ; 0 (0)                     ; 0           ; 0          ; 0            ; 0       ; 0         ; 0    ; 0            ; 0          ; |PDF_CPU|datapath:DP|sixteen_bit_full_adder:Incrementer|full_adder:inst12|NAND_2:inst3                                            ; NAND_2                       ; work         ;
;             |XOR_2:inst2|                          ; 1 (1)               ; 0 (0)                     ; 0           ; 0          ; 0            ; 0       ; 0         ; 0    ; 0            ; 0          ; |PDF_CPU|datapath:DP|sixteen_bit_full_adder:Incrementer|full_adder:inst12|XOR_2:inst2                                             ; XOR_2                        ; work         ;
;          |full_adder:inst13|                       ; 1 (0)               ; 0 (0)                     ; 0           ; 0          ; 0            ; 0       ; 0         ; 0    ; 0            ; 0          ; |PDF_CPU|datapath:DP|sixteen_bit_full_adder:Incrementer|full_adder:inst13                                                         ; full_adder                   ; work         ;
;             |XOR_2:inst2|                          ; 1 (1)               ; 0 (0)                     ; 0           ; 0          ; 0            ; 0       ; 0         ; 0    ; 0            ; 0          ; |PDF_CPU|datapath:DP|sixteen_bit_full_adder:Incrementer|full_adder:inst13|XOR_2:inst2                                             ; XOR_2                        ; work         ;
;          |full_adder:inst14|                       ; 1 (0)               ; 0 (0)                     ; 0           ; 0          ; 0            ; 0       ; 0         ; 0    ; 0            ; 0          ; |PDF_CPU|datapath:DP|sixteen_bit_full_adder:Incrementer|full_adder:inst14                                                         ; full_adder                   ; work         ;
;             |XOR_2:inst2|                          ; 1 (1)               ; 0 (0)                     ; 0           ; 0          ; 0            ; 0       ; 0         ; 0    ; 0            ; 0          ; |PDF_CPU|datapath:DP|sixteen_bit_full_adder:Incrementer|full_adder:inst14|XOR_2:inst2                                             ; XOR_2                        ; work         ;
;          |full_adder:inst15|                       ; 2 (0)               ; 0 (0)                     ; 0           ; 0          ; 0            ; 0       ; 0         ; 0    ; 0            ; 0          ; |PDF_CPU|datapath:DP|sixteen_bit_full_adder:Incrementer|full_adder:inst15                                                         ; full_adder                   ; work         ;
;             |NAND_2:inst3|                         ; 1 (1)               ; 0 (0)                     ; 0           ; 0          ; 0            ; 0       ; 0         ; 0    ; 0            ; 0          ; |PDF_CPU|datapath:DP|sixteen_bit_full_adder:Incrementer|full_adder:inst15|NAND_2:inst3                                            ; NAND_2                       ; work         ;
;             |XOR_2:inst2|                          ; 1 (1)               ; 0 (0)                     ; 0           ; 0          ; 0            ; 0       ; 0         ; 0    ; 0            ; 0          ; |PDF_CPU|datapath:DP|sixteen_bit_full_adder:Incrementer|full_adder:inst15|XOR_2:inst2                                             ; XOR_2                        ; work         ;
;          |full_adder:inst16|                       ; 1 (0)               ; 0 (0)                     ; 0           ; 0          ; 0            ; 0       ; 0         ; 0    ; 0            ; 0          ; |PDF_CPU|datapath:DP|sixteen_bit_full_adder:Incrementer|full_adder:inst16                                                         ; full_adder                   ; work         ;
;             |XOR_2:inst2|                          ; 1 (1)               ; 0 (0)                     ; 0           ; 0          ; 0            ; 0       ; 0         ; 0    ; 0            ; 0          ; |PDF_CPU|datapath:DP|sixteen_bit_full_adder:Incrementer|full_adder:inst16|XOR_2:inst2                                             ; XOR_2                        ; work         ;
;          |full_adder:inst17|                       ; 1 (0)               ; 0 (0)                     ; 0           ; 0          ; 0            ; 0       ; 0         ; 0    ; 0            ; 0          ; |PDF_CPU|datapath:DP|sixteen_bit_full_adder:Incrementer|full_adder:inst17                                                         ; full_adder                   ; work         ;
;             |XOR_2:inst2|                          ; 1 (1)               ; 0 (0)                     ; 0           ; 0          ; 0            ; 0       ; 0         ; 0    ; 0            ; 0          ; |PDF_CPU|datapath:DP|sixteen_bit_full_adder:Incrementer|full_adder:inst17|XOR_2:inst2                                             ; XOR_2                        ; work         ;
;          |full_adder:inst3|                        ; 1 (0)               ; 0 (0)                     ; 0           ; 0          ; 0            ; 0       ; 0         ; 0    ; 0            ; 0          ; |PDF_CPU|datapath:DP|sixteen_bit_full_adder:Incrementer|full_adder:inst3                                                          ; full_adder                   ; work         ;
;             |NAND_2:inst3|                         ; 1 (1)               ; 0 (0)                     ; 0           ; 0          ; 0            ; 0       ; 0         ; 0    ; 0            ; 0          ; |PDF_CPU|datapath:DP|sixteen_bit_full_adder:Incrementer|full_adder:inst3|NAND_2:inst3                                             ; NAND_2                       ; work         ;
;          |full_adder:inst5|                        ; 1 (0)               ; 0 (0)                     ; 0           ; 0          ; 0            ; 0       ; 0         ; 0    ; 0            ; 0          ; |PDF_CPU|datapath:DP|sixteen_bit_full_adder:Incrementer|full_adder:inst5                                                          ; full_adder                   ; work         ;
;             |XOR_2:inst2|                          ; 1 (1)               ; 0 (0)                     ; 0           ; 0          ; 0            ; 0       ; 0         ; 0    ; 0            ; 0          ; |PDF_CPU|datapath:DP|sixteen_bit_full_adder:Incrementer|full_adder:inst5|XOR_2:inst2                                              ; XOR_2                        ; work         ;
;          |full_adder:inst6|                        ; 2 (0)               ; 0 (0)                     ; 0           ; 0          ; 0            ; 0       ; 0         ; 0    ; 0            ; 0          ; |PDF_CPU|datapath:DP|sixteen_bit_full_adder:Incrementer|full_adder:inst6                                                          ; full_adder                   ; work         ;
;             |NAND_2:inst3|                         ; 1 (1)               ; 0 (0)                     ; 0           ; 0          ; 0            ; 0       ; 0         ; 0    ; 0            ; 0          ; |PDF_CPU|datapath:DP|sixteen_bit_full_adder:Incrementer|full_adder:inst6|NAND_2:inst3                                             ; NAND_2                       ; work         ;
;             |XOR_2:inst2|                          ; 1 (1)               ; 0 (0)                     ; 0           ; 0          ; 0            ; 0       ; 0         ; 0    ; 0            ; 0          ; |PDF_CPU|datapath:DP|sixteen_bit_full_adder:Incrementer|full_adder:inst6|XOR_2:inst2                                              ; XOR_2                        ; work         ;
;          |full_adder:inst9|                        ; 2 (0)               ; 0 (0)                     ; 0           ; 0          ; 0            ; 0       ; 0         ; 0    ; 0            ; 0          ; |PDF_CPU|datapath:DP|sixteen_bit_full_adder:Incrementer|full_adder:inst9                                                          ; full_adder                   ; work         ;
;             |NAND_2:inst3|                         ; 1 (1)               ; 0 (0)                     ; 0           ; 0          ; 0            ; 0       ; 0         ; 0    ; 0            ; 0          ; |PDF_CPU|datapath:DP|sixteen_bit_full_adder:Incrementer|full_adder:inst9|NAND_2:inst3                                             ; NAND_2                       ; work         ;
;             |XOR_2:inst2|                          ; 1 (1)               ; 0 (0)                     ; 0           ; 0          ; 0            ; 0       ; 0         ; 0    ; 0            ; 0          ; |PDF_CPU|datapath:DP|sixteen_bit_full_adder:Incrementer|full_adder:inst9|XOR_2:inst2                                              ; XOR_2                        ; work         ;
;       |sixteen_bit_full_adder:Nxt_Address_Adder|   ; 18 (0)              ; 0 (0)                     ; 0           ; 0          ; 0            ; 0       ; 0         ; 0    ; 0            ; 0          ; |PDF_CPU|datapath:DP|sixteen_bit_full_adder:Nxt_Address_Adder                                                                     ; sixteen_bit_full_adder       ; work         ;
;          |full_adder:inst10|                       ; 1 (0)               ; 0 (0)                     ; 0           ; 0          ; 0            ; 0       ; 0         ; 0    ; 0            ; 0          ; |PDF_CPU|datapath:DP|sixteen_bit_full_adder:Nxt_Address_Adder|full_adder:inst10                                                   ; full_adder                   ; work         ;
;             |NAND_2:inst5|                         ; 1 (1)               ; 0 (0)                     ; 0           ; 0          ; 0            ; 0       ; 0         ; 0    ; 0            ; 0          ; |PDF_CPU|datapath:DP|sixteen_bit_full_adder:Nxt_Address_Adder|full_adder:inst10|NAND_2:inst5                                      ; NAND_2                       ; work         ;
;          |full_adder:inst11|                       ; 2 (0)               ; 0 (0)                     ; 0           ; 0          ; 0            ; 0       ; 0         ; 0    ; 0            ; 0          ; |PDF_CPU|datapath:DP|sixteen_bit_full_adder:Nxt_Address_Adder|full_adder:inst11                                                   ; full_adder                   ; work         ;
;             |NAND_2:inst5|                         ; 1 (1)               ; 0 (0)                     ; 0           ; 0          ; 0            ; 0       ; 0         ; 0    ; 0            ; 0          ; |PDF_CPU|datapath:DP|sixteen_bit_full_adder:Nxt_Address_Adder|full_adder:inst11|NAND_2:inst5                                      ; NAND_2                       ; work         ;
;             |XOR_2:inst2|                          ; 1 (1)               ; 0 (0)                     ; 0           ; 0          ; 0            ; 0       ; 0         ; 0    ; 0            ; 0          ; |PDF_CPU|datapath:DP|sixteen_bit_full_adder:Nxt_Address_Adder|full_adder:inst11|XOR_2:inst2                                       ; XOR_2                        ; work         ;
;          |full_adder:inst12|                       ; 2 (0)               ; 0 (0)                     ; 0           ; 0          ; 0            ; 0       ; 0         ; 0    ; 0            ; 0          ; |PDF_CPU|datapath:DP|sixteen_bit_full_adder:Nxt_Address_Adder|full_adder:inst12                                                   ; full_adder                   ; work         ;
;             |NAND_2:inst5|                         ; 1 (1)               ; 0 (0)                     ; 0           ; 0          ; 0            ; 0       ; 0         ; 0    ; 0            ; 0          ; |PDF_CPU|datapath:DP|sixteen_bit_full_adder:Nxt_Address_Adder|full_adder:inst12|NAND_2:inst5                                      ; NAND_2                       ; work         ;
;             |XOR_2:inst2|                          ; 1 (1)               ; 0 (0)                     ; 0           ; 0          ; 0            ; 0       ; 0         ; 0    ; 0            ; 0          ; |PDF_CPU|datapath:DP|sixteen_bit_full_adder:Nxt_Address_Adder|full_adder:inst12|XOR_2:inst2                                       ; XOR_2                        ; work         ;
;          |full_adder:inst13|                       ; 1 (0)               ; 0 (0)                     ; 0           ; 0          ; 0            ; 0       ; 0         ; 0    ; 0            ; 0          ; |PDF_CPU|datapath:DP|sixteen_bit_full_adder:Nxt_Address_Adder|full_adder:inst13                                                   ; full_adder                   ; work         ;
;             |NAND_2:inst5|                         ; 1 (1)               ; 0 (0)                     ; 0           ; 0          ; 0            ; 0       ; 0         ; 0    ; 0            ; 0          ; |PDF_CPU|datapath:DP|sixteen_bit_full_adder:Nxt_Address_Adder|full_adder:inst13|NAND_2:inst5                                      ; NAND_2                       ; work         ;
;          |full_adder:inst14|                       ; 1 (0)               ; 0 (0)                     ; 0           ; 0          ; 0            ; 0       ; 0         ; 0    ; 0            ; 0          ; |PDF_CPU|datapath:DP|sixteen_bit_full_adder:Nxt_Address_Adder|full_adder:inst14                                                   ; full_adder                   ; work         ;
;             |NAND_2:inst5|                         ; 1 (1)               ; 0 (0)                     ; 0           ; 0          ; 0            ; 0       ; 0         ; 0    ; 0            ; 0          ; |PDF_CPU|datapath:DP|sixteen_bit_full_adder:Nxt_Address_Adder|full_adder:inst14|NAND_2:inst5                                      ; NAND_2                       ; work         ;
;          |full_adder:inst15|                       ; 1 (0)               ; 0 (0)                     ; 0           ; 0          ; 0            ; 0       ; 0         ; 0    ; 0            ; 0          ; |PDF_CPU|datapath:DP|sixteen_bit_full_adder:Nxt_Address_Adder|full_adder:inst15                                                   ; full_adder                   ; work         ;
;             |NAND_2:inst5|                         ; 1 (1)               ; 0 (0)                     ; 0           ; 0          ; 0            ; 0       ; 0         ; 0    ; 0            ; 0          ; |PDF_CPU|datapath:DP|sixteen_bit_full_adder:Nxt_Address_Adder|full_adder:inst15|NAND_2:inst5                                      ; NAND_2                       ; work         ;
;          |full_adder:inst4|                        ; 2 (0)               ; 0 (0)                     ; 0           ; 0          ; 0            ; 0       ; 0         ; 0    ; 0            ; 0          ; |PDF_CPU|datapath:DP|sixteen_bit_full_adder:Nxt_Address_Adder|full_adder:inst4                                                    ; full_adder                   ; work         ;
;             |NAND_2:inst5|                         ; 1 (1)               ; 0 (0)                     ; 0           ; 0          ; 0            ; 0       ; 0         ; 0    ; 0            ; 0          ; |PDF_CPU|datapath:DP|sixteen_bit_full_adder:Nxt_Address_Adder|full_adder:inst4|NAND_2:inst5                                       ; NAND_2                       ; work         ;
;             |XOR_2:inst2|                          ; 1 (1)               ; 0 (0)                     ; 0           ; 0          ; 0            ; 0       ; 0         ; 0    ; 0            ; 0          ; |PDF_CPU|datapath:DP|sixteen_bit_full_adder:Nxt_Address_Adder|full_adder:inst4|XOR_2:inst2                                        ; XOR_2                        ; work         ;
;          |full_adder:inst5|                        ; 1 (0)               ; 0 (0)                     ; 0           ; 0          ; 0            ; 0       ; 0         ; 0    ; 0            ; 0          ; |PDF_CPU|datapath:DP|sixteen_bit_full_adder:Nxt_Address_Adder|full_adder:inst5                                                    ; full_adder                   ; work         ;
;             |NAND_2:inst5|                         ; 1 (1)               ; 0 (0)                     ; 0           ; 0          ; 0            ; 0       ; 0         ; 0    ; 0            ; 0          ; |PDF_CPU|datapath:DP|sixteen_bit_full_adder:Nxt_Address_Adder|full_adder:inst5|NAND_2:inst5                                       ; NAND_2                       ; work         ;
;          |full_adder:inst6|                        ; 2 (0)               ; 0 (0)                     ; 0           ; 0          ; 0            ; 0       ; 0         ; 0    ; 0            ; 0          ; |PDF_CPU|datapath:DP|sixteen_bit_full_adder:Nxt_Address_Adder|full_adder:inst6                                                    ; full_adder                   ; work         ;
;             |NAND_2:inst5|                         ; 1 (1)               ; 0 (0)                     ; 0           ; 0          ; 0            ; 0       ; 0         ; 0    ; 0            ; 0          ; |PDF_CPU|datapath:DP|sixteen_bit_full_adder:Nxt_Address_Adder|full_adder:inst6|NAND_2:inst5                                       ; NAND_2                       ; work         ;
;             |XOR_2:inst2|                          ; 1 (1)               ; 0 (0)                     ; 0           ; 0          ; 0            ; 0       ; 0         ; 0    ; 0            ; 0          ; |PDF_CPU|datapath:DP|sixteen_bit_full_adder:Nxt_Address_Adder|full_adder:inst6|XOR_2:inst2                                        ; XOR_2                        ; work         ;
;          |full_adder:inst7|                        ; 1 (0)               ; 0 (0)                     ; 0           ; 0          ; 0            ; 0       ; 0         ; 0    ; 0            ; 0          ; |PDF_CPU|datapath:DP|sixteen_bit_full_adder:Nxt_Address_Adder|full_adder:inst7                                                    ; full_adder                   ; work         ;
;             |NAND_2:inst5|                         ; 1 (1)               ; 0 (0)                     ; 0           ; 0          ; 0            ; 0       ; 0         ; 0    ; 0            ; 0          ; |PDF_CPU|datapath:DP|sixteen_bit_full_adder:Nxt_Address_Adder|full_adder:inst7|NAND_2:inst5                                       ; NAND_2                       ; work         ;
;          |full_adder:inst8|                        ; 2 (0)               ; 0 (0)                     ; 0           ; 0          ; 0            ; 0       ; 0         ; 0    ; 0            ; 0          ; |PDF_CPU|datapath:DP|sixteen_bit_full_adder:Nxt_Address_Adder|full_adder:inst8                                                    ; full_adder                   ; work         ;
;             |NAND_2:inst5|                         ; 1 (1)               ; 0 (0)                     ; 0           ; 0          ; 0            ; 0       ; 0         ; 0    ; 0            ; 0          ; |PDF_CPU|datapath:DP|sixteen_bit_full_adder:Nxt_Address_Adder|full_adder:inst8|NAND_2:inst5                                       ; NAND_2                       ; work         ;
;             |XOR_2:inst2|                          ; 1 (1)               ; 0 (0)                     ; 0           ; 0          ; 0            ; 0       ; 0         ; 0    ; 0            ; 0          ; |PDF_CPU|datapath:DP|sixteen_bit_full_adder:Nxt_Address_Adder|full_adder:inst8|XOR_2:inst2                                        ; XOR_2                        ; work         ;
;          |full_adder:inst9|                        ; 2 (0)               ; 0 (0)                     ; 0           ; 0          ; 0            ; 0       ; 0         ; 0    ; 0            ; 0          ; |PDF_CPU|datapath:DP|sixteen_bit_full_adder:Nxt_Address_Adder|full_adder:inst9                                                    ; full_adder                   ; work         ;
;             |NAND_2:inst5|                         ; 1 (1)               ; 0 (0)                     ; 0           ; 0          ; 0            ; 0       ; 0         ; 0    ; 0            ; 0          ; |PDF_CPU|datapath:DP|sixteen_bit_full_adder:Nxt_Address_Adder|full_adder:inst9|NAND_2:inst5                                       ; NAND_2                       ; work         ;
;             |XOR_2:inst2|                          ; 1 (1)               ; 0 (0)                     ; 0           ; 0          ; 0            ; 0       ; 0         ; 0    ; 0            ; 0          ; |PDF_CPU|datapath:DP|sixteen_bit_full_adder:Nxt_Address_Adder|full_adder:inst9|XOR_2:inst2                                        ; XOR_2                        ; work         ;
;    |ring_buffer:Data_Memory|                       ; 38 (38)             ; 53 (53)                   ; 512         ; 0          ; 0            ; 0       ; 0         ; 0    ; 0            ; 0          ; |PDF_CPU|ring_buffer:Data_Memory                                                                                                  ; ring_buffer                  ; work         ;
;       |altsyncram:ram_rtl_0|                       ; 0 (0)               ; 0 (0)                     ; 512         ; 0          ; 0            ; 0       ; 0         ; 0    ; 0            ; 0          ; |PDF_CPU|ring_buffer:Data_Memory|altsyncram:ram_rtl_0                                                                             ; altsyncram                   ; work         ;
;          |altsyncram_fmh1:auto_generated|          ; 0 (0)               ; 0 (0)                     ; 512         ; 0          ; 0            ; 0       ; 0         ; 0    ; 0            ; 0          ; |PDF_CPU|ring_buffer:Data_Memory|altsyncram:ram_rtl_0|altsyncram_fmh1:auto_generated                                              ; altsyncram_fmh1              ; work         ;
+----------------------------------------------------+---------------------+---------------------------+-------------+------------+--------------+---------+-----------+------+--------------+------------+-----------------------------------------------------------------------------------------------------------------------------------+------------------------------+--------------+
Note: For table entries with two numbers listed, the numbers in parentheses indicate the number of resources of the given type used by the specific entity alone. The numbers listed outside of parentheses indicate the total resources of the given type used by the specific entity and all of its sub-entities in the hierarchy.


+--------------------------------------------------------------------------------------------------------------------------------------------------------------------------------------------+
; Analysis & Synthesis RAM Summary                                                                                                                                                           ;
+----------------------------------------------------------------------------------------+------+------------------+--------------+--------------+--------------+--------------+------+------+
; Name                                                                                   ; Type ; Mode             ; Port A Depth ; Port A Width ; Port B Depth ; Port B Width ; Size ; MIF  ;
+----------------------------------------------------------------------------------------+------+------------------+--------------+--------------+--------------+--------------+------+------+
; ring_buffer:Data_Memory|altsyncram:ram_rtl_0|altsyncram_fmh1:auto_generated|ALTSYNCRAM ; AUTO ; Simple Dual Port ; 32           ; 16           ; 32           ; 16           ; 512  ; None ;
+----------------------------------------------------------------------------------------+------+------------------+--------------+--------------+--------------+--------------+------+------+


Encoding Type:  One-Hot
+-------------------------------------------------------------------------------------------------------------------------------------------------------------------------------------------------+
; State Machine - |PDF_CPU|Controlpath:CP|reg_reading_2                                                                                                                                           ;
+--------------------+--------------------+------------------+------------------+------------------+------------------+------------------+------------------+------------------+------------------+
; Name               ; reg_reading_2.none ; reg_reading_2.r7 ; reg_reading_2.r6 ; reg_reading_2.r5 ; reg_reading_2.r4 ; reg_reading_2.r3 ; reg_reading_2.r2 ; reg_reading_2.r1 ; reg_reading_2.r0 ;
+--------------------+--------------------+------------------+------------------+------------------+------------------+------------------+------------------+------------------+------------------+
; reg_reading_2.r0   ; 0                  ; 0                ; 0                ; 0                ; 0                ; 0                ; 0                ; 0                ; 0                ;
; reg_reading_2.r1   ; 0                  ; 0                ; 0                ; 0                ; 0                ; 0                ; 0                ; 1                ; 1                ;
; reg_reading_2.r2   ; 0                  ; 0                ; 0                ; 0                ; 0                ; 0                ; 1                ; 0                ; 1                ;
; reg_reading_2.r3   ; 0                  ; 0                ; 0                ; 0                ; 0                ; 1                ; 0                ; 0                ; 1                ;
; reg_reading_2.r4   ; 0                  ; 0                ; 0                ; 0                ; 1                ; 0                ; 0                ; 0                ; 1                ;
; reg_reading_2.r5   ; 0                  ; 0                ; 0                ; 1                ; 0                ; 0                ; 0                ; 0                ; 1                ;
; reg_reading_2.r6   ; 0                  ; 0                ; 1                ; 0                ; 0                ; 0                ; 0                ; 0                ; 1                ;
; reg_reading_2.r7   ; 0                  ; 1                ; 0                ; 0                ; 0                ; 0                ; 0                ; 0                ; 1                ;
; reg_reading_2.none ; 1                  ; 0                ; 0                ; 0                ; 0                ; 0                ; 0                ; 0                ; 1                ;
+--------------------+--------------------+------------------+------------------+------------------+------------------+------------------+------------------+------------------+------------------+


Encoding Type:  One-Hot
+-------------------------------------------------------------------------------------------------------------------------------------------------------------------------------------------------+
; State Machine - |PDF_CPU|Controlpath:CP|reg_reading_1                                                                                                                                           ;
+--------------------+--------------------+------------------+------------------+------------------+------------------+------------------+------------------+------------------+------------------+
; Name               ; reg_reading_1.none ; reg_reading_1.r7 ; reg_reading_1.r6 ; reg_reading_1.r5 ; reg_reading_1.r4 ; reg_reading_1.r3 ; reg_reading_1.r2 ; reg_reading_1.r1 ; reg_reading_1.r0 ;
+--------------------+--------------------+------------------+------------------+------------------+------------------+------------------+------------------+------------------+------------------+
; reg_reading_1.r0   ; 0                  ; 0                ; 0                ; 0                ; 0                ; 0                ; 0                ; 0                ; 0                ;
; reg_reading_1.r1   ; 0                  ; 0                ; 0                ; 0                ; 0                ; 0                ; 0                ; 1                ; 1                ;
; reg_reading_1.r2   ; 0                  ; 0                ; 0                ; 0                ; 0                ; 0                ; 1                ; 0                ; 1                ;
; reg_reading_1.r3   ; 0                  ; 0                ; 0                ; 0                ; 0                ; 1                ; 0                ; 0                ; 1                ;
; reg_reading_1.r4   ; 0                  ; 0                ; 0                ; 0                ; 1                ; 0                ; 0                ; 0                ; 1                ;
; reg_reading_1.r5   ; 0                  ; 0                ; 0                ; 1                ; 0                ; 0                ; 0                ; 0                ; 1                ;
; reg_reading_1.r6   ; 0                  ; 0                ; 1                ; 0                ; 0                ; 0                ; 0                ; 0                ; 1                ;
; reg_reading_1.r7   ; 0                  ; 1                ; 0                ; 0                ; 0                ; 0                ; 0                ; 0                ; 1                ;
; reg_reading_1.none ; 1                  ; 0                ; 0                ; 0                ; 0                ; 0                ; 0                ; 0                ; 1                ;
+--------------------+--------------------+------------------+------------------+------------------+------------------+------------------+------------------+------------------+------------------+


Encoding Type:  One-Hot
+-----------------------------------------------------------------------------------------------------------------------------------------------------------------------------------------------------------------------------------------+
; State Machine - |PDF_CPU|Controlpath:CP|writing_to_reg[3]                                                                                                                                                                               ;
+------------------------+------------------------+----------------------+----------------------+----------------------+----------------------+----------------------+----------------------+----------------------+----------------------+
; Name                   ; writing_to_reg[3].none ; writing_to_reg[3].r7 ; writing_to_reg[3].r6 ; writing_to_reg[3].r5 ; writing_to_reg[3].r4 ; writing_to_reg[3].r3 ; writing_to_reg[3].r2 ; writing_to_reg[3].r1 ; writing_to_reg[3].r0 ;
+------------------------+------------------------+----------------------+----------------------+----------------------+----------------------+----------------------+----------------------+----------------------+----------------------+
; writing_to_reg[3].r0   ; 0                      ; 0                    ; 0                    ; 0                    ; 0                    ; 0                    ; 0                    ; 0                    ; 0                    ;
; writing_to_reg[3].r1   ; 0                      ; 0                    ; 0                    ; 0                    ; 0                    ; 0                    ; 0                    ; 1                    ; 1                    ;
; writing_to_reg[3].r2   ; 0                      ; 0                    ; 0                    ; 0                    ; 0                    ; 0                    ; 1                    ; 0                    ; 1                    ;
; writing_to_reg[3].r3   ; 0                      ; 0                    ; 0                    ; 0                    ; 0                    ; 1                    ; 0                    ; 0                    ; 1                    ;
; writing_to_reg[3].r4   ; 0                      ; 0                    ; 0                    ; 0                    ; 1                    ; 0                    ; 0                    ; 0                    ; 1                    ;
; writing_to_reg[3].r5   ; 0                      ; 0                    ; 0                    ; 1                    ; 0                    ; 0                    ; 0                    ; 0                    ; 1                    ;
; writing_to_reg[3].r6   ; 0                      ; 0                    ; 1                    ; 0                    ; 0                    ; 0                    ; 0                    ; 0                    ; 1                    ;
; writing_to_reg[3].r7   ; 0                      ; 1                    ; 0                    ; 0                    ; 0                    ; 0                    ; 0                    ; 0                    ; 1                    ;
; writing_to_reg[3].none ; 1                      ; 0                    ; 0                    ; 0                    ; 0                    ; 0                    ; 0                    ; 0                    ; 1                    ;
+------------------------+------------------------+----------------------+----------------------+----------------------+----------------------+----------------------+----------------------+----------------------+----------------------+


Encoding Type:  One-Hot
+-----------------------------------------------------------------------------------------------------------------------------------------------------------------------------------------------------------------------------------------+
; State Machine - |PDF_CPU|Controlpath:CP|writing_to_reg[2]                                                                                                                                                                               ;
+------------------------+------------------------+----------------------+----------------------+----------------------+----------------------+----------------------+----------------------+----------------------+----------------------+
; Name                   ; writing_to_reg[2].none ; writing_to_reg[2].r7 ; writing_to_reg[2].r6 ; writing_to_reg[2].r5 ; writing_to_reg[2].r4 ; writing_to_reg[2].r3 ; writing_to_reg[2].r2 ; writing_to_reg[2].r1 ; writing_to_reg[2].r0 ;
+------------------------+------------------------+----------------------+----------------------+----------------------+----------------------+----------------------+----------------------+----------------------+----------------------+
; writing_to_reg[2].r0   ; 0                      ; 0                    ; 0                    ; 0                    ; 0                    ; 0                    ; 0                    ; 0                    ; 0                    ;
; writing_to_reg[2].r1   ; 0                      ; 0                    ; 0                    ; 0                    ; 0                    ; 0                    ; 0                    ; 1                    ; 1                    ;
; writing_to_reg[2].r2   ; 0                      ; 0                    ; 0                    ; 0                    ; 0                    ; 0                    ; 1                    ; 0                    ; 1                    ;
; writing_to_reg[2].r3   ; 0                      ; 0                    ; 0                    ; 0                    ; 0                    ; 1                    ; 0                    ; 0                    ; 1                    ;
; writing_to_reg[2].r4   ; 0                      ; 0                    ; 0                    ; 0                    ; 1                    ; 0                    ; 0                    ; 0                    ; 1                    ;
; writing_to_reg[2].r5   ; 0                      ; 0                    ; 0                    ; 1                    ; 0                    ; 0                    ; 0                    ; 0                    ; 1                    ;
; writing_to_reg[2].r6   ; 0                      ; 0                    ; 1                    ; 0                    ; 0                    ; 0                    ; 0                    ; 0                    ; 1                    ;
; writing_to_reg[2].r7   ; 0                      ; 1                    ; 0                    ; 0                    ; 0                    ; 0                    ; 0                    ; 0                    ; 1                    ;
; writing_to_reg[2].none ; 1                      ; 0                    ; 0                    ; 0                    ; 0                    ; 0                    ; 0                    ; 0                    ; 1                    ;
+------------------------+------------------------+----------------------+----------------------+----------------------+----------------------+----------------------+----------------------+----------------------+----------------------+


Encoding Type:  One-Hot
+-----------------------------------------------------------------------------------------------------------------------------------------------------------------------------------------------------------------------------------------+
; State Machine - |PDF_CPU|Controlpath:CP|writing_to_reg[1]                                                                                                                                                                               ;
+------------------------+------------------------+----------------------+----------------------+----------------------+----------------------+----------------------+----------------------+----------------------+----------------------+
; Name                   ; writing_to_reg[1].none ; writing_to_reg[1].r7 ; writing_to_reg[1].r6 ; writing_to_reg[1].r5 ; writing_to_reg[1].r4 ; writing_to_reg[1].r3 ; writing_to_reg[1].r2 ; writing_to_reg[1].r1 ; writing_to_reg[1].r0 ;
+------------------------+------------------------+----------------------+----------------------+----------------------+----------------------+----------------------+----------------------+----------------------+----------------------+
; writing_to_reg[1].r0   ; 0                      ; 0                    ; 0                    ; 0                    ; 0                    ; 0                    ; 0                    ; 0                    ; 0                    ;
; writing_to_reg[1].r1   ; 0                      ; 0                    ; 0                    ; 0                    ; 0                    ; 0                    ; 0                    ; 1                    ; 1                    ;
; writing_to_reg[1].r2   ; 0                      ; 0                    ; 0                    ; 0                    ; 0                    ; 0                    ; 1                    ; 0                    ; 1                    ;
; writing_to_reg[1].r3   ; 0                      ; 0                    ; 0                    ; 0                    ; 0                    ; 1                    ; 0                    ; 0                    ; 1                    ;
; writing_to_reg[1].r4   ; 0                      ; 0                    ; 0                    ; 0                    ; 1                    ; 0                    ; 0                    ; 0                    ; 1                    ;
; writing_to_reg[1].r5   ; 0                      ; 0                    ; 0                    ; 1                    ; 0                    ; 0                    ; 0                    ; 0                    ; 1                    ;
; writing_to_reg[1].r6   ; 0                      ; 0                    ; 1                    ; 0                    ; 0                    ; 0                    ; 0                    ; 0                    ; 1                    ;
; writing_to_reg[1].r7   ; 0                      ; 1                    ; 0                    ; 0                    ; 0                    ; 0                    ; 0                    ; 0                    ; 1                    ;
; writing_to_reg[1].none ; 1                      ; 0                    ; 0                    ; 0                    ; 0                    ; 0                    ; 0                    ; 0                    ; 1                    ;
+------------------------+------------------------+----------------------+----------------------+----------------------+----------------------+----------------------+----------------------+----------------------+----------------------+


Encoding Type:  One-Hot
+-----------------------------------------------------------------------------------------------------------------------------------------------------------------------------------------------------------------------------------------+
; State Machine - |PDF_CPU|Controlpath:CP|writing_to_reg[0]                                                                                                                                                                               ;
+------------------------+------------------------+----------------------+----------------------+----------------------+----------------------+----------------------+----------------------+----------------------+----------------------+
; Name                   ; writing_to_reg[0].none ; writing_to_reg[0].r7 ; writing_to_reg[0].r6 ; writing_to_reg[0].r5 ; writing_to_reg[0].r4 ; writing_to_reg[0].r3 ; writing_to_reg[0].r2 ; writing_to_reg[0].r1 ; writing_to_reg[0].r0 ;
+------------------------+------------------------+----------------------+----------------------+----------------------+----------------------+----------------------+----------------------+----------------------+----------------------+
; writing_to_reg[0].r0   ; 0                      ; 0                    ; 0                    ; 0                    ; 0                    ; 0                    ; 0                    ; 0                    ; 0                    ;
; writing_to_reg[0].r1   ; 0                      ; 0                    ; 0                    ; 0                    ; 0                    ; 0                    ; 0                    ; 1                    ; 1                    ;
; writing_to_reg[0].r2   ; 0                      ; 0                    ; 0                    ; 0                    ; 0                    ; 0                    ; 1                    ; 0                    ; 1                    ;
; writing_to_reg[0].r3   ; 0                      ; 0                    ; 0                    ; 0                    ; 0                    ; 1                    ; 0                    ; 0                    ; 1                    ;
; writing_to_reg[0].r4   ; 0                      ; 0                    ; 0                    ; 0                    ; 1                    ; 0                    ; 0                    ; 0                    ; 1                    ;
; writing_to_reg[0].r5   ; 0                      ; 0                    ; 0                    ; 1                    ; 0                    ; 0                    ; 0                    ; 0                    ; 1                    ;
; writing_to_reg[0].r6   ; 0                      ; 0                    ; 1                    ; 0                    ; 0                    ; 0                    ; 0                    ; 0                    ; 1                    ;
; writing_to_reg[0].r7   ; 0                      ; 1                    ; 0                    ; 0                    ; 0                    ; 0                    ; 0                    ; 0                    ; 1                    ;
; writing_to_reg[0].none ; 1                      ; 0                    ; 0                    ; 0                    ; 0                    ; 0                    ; 0                    ; 0                    ; 1                    ;
+------------------------+------------------------+----------------------+----------------------+----------------------+----------------------+----------------------+----------------------+----------------------+----------------------+


Encoding Type:  One-Hot
+-----------------------------------------------------------------------------------------------------------------------------------------------------------------------------+
; State Machine - |PDF_CPU|Controlpath:CP|reg_writing                                                                                                                         ;
+------------------+------------------+----------------+----------------+----------------+----------------+----------------+----------------+----------------+----------------+
; Name             ; reg_writing.none ; reg_writing.r7 ; reg_writing.r6 ; reg_writing.r5 ; reg_writing.r4 ; reg_writing.r3 ; reg_writing.r2 ; reg_writing.r1 ; reg_writing.r0 ;
+------------------+------------------+----------------+----------------+----------------+----------------+----------------+----------------+----------------+----------------+
; reg_writing.r0   ; 0                ; 0              ; 0              ; 0              ; 0              ; 0              ; 0              ; 0              ; 0              ;
; reg_writing.r1   ; 0                ; 0              ; 0              ; 0              ; 0              ; 0              ; 0              ; 1              ; 1              ;
; reg_writing.r2   ; 0                ; 0              ; 0              ; 0              ; 0              ; 0              ; 1              ; 0              ; 1              ;
; reg_writing.r3   ; 0                ; 0              ; 0              ; 0              ; 0              ; 1              ; 0              ; 0              ; 1              ;
; reg_writing.r4   ; 0                ; 0              ; 0              ; 0              ; 1              ; 0              ; 0              ; 0              ; 1              ;
; reg_writing.r5   ; 0                ; 0              ; 0              ; 1              ; 0              ; 0              ; 0              ; 0              ; 1              ;
; reg_writing.r6   ; 0                ; 0              ; 1              ; 0              ; 0              ; 0              ; 0              ; 0              ; 1              ;
; reg_writing.r7   ; 0                ; 1              ; 0              ; 0              ; 0              ; 0              ; 0              ; 0              ; 1              ;
; reg_writing.none ; 1                ; 0              ; 0              ; 0              ; 0              ; 0              ; 0              ; 0              ; 1              ;
+------------------+------------------+----------------+----------------+----------------+----------------+----------------+----------------+----------------+----------------+


Encoding Type:  One-Hot
+---------------------------------------------------------------------------------------------------------------------------------------------------------------------------------------------------------------------------------------------------------------------------------------------------------------------------------------------------------------------------------------------------------------------------------------------------------------------------------------+
; State Machine - |PDF_CPU|Controlpath:CP|instructions_in_pipeline[3]                                                                                                                                                                                                                                                                                                                                                                                                                   ;
+------------------------------------------------+-----------------------------------+---------------------------------+---------------------------------+--------------------------------+---------------------------------+------------------------------------------------+----------------------------------+---------------------------------+---------------------------------+---------------------------------+--------------------------------+--------------------------------+
; Name                                           ; instructions_in_pipeline[3].reset ; instructions_in_pipeline[3].hlt ; instructions_in_pipeline[3].nop ; instructions_in_pipeline[3].ji ; instructions_in_pipeline[3].jri ; instructions_in_pipeline[3].shift_left_logical ; instructions_in_pipeline[3].addi ; instructions_in_pipeline[3].mul ; instructions_in_pipeline[3].sub ; instructions_in_pipeline[3].add ; instructions_in_pipeline[3].sw ; instructions_in_pipeline[3].lw ;
+------------------------------------------------+-----------------------------------+---------------------------------+---------------------------------+--------------------------------+---------------------------------+------------------------------------------------+----------------------------------+---------------------------------+---------------------------------+---------------------------------+--------------------------------+--------------------------------+
; instructions_in_pipeline[3].lw                 ; 0                                 ; 0                               ; 0                               ; 0                              ; 0                               ; 0                                              ; 0                                ; 0                               ; 0                               ; 0                               ; 0                              ; 0                              ;
; instructions_in_pipeline[3].sw                 ; 0                                 ; 0                               ; 0                               ; 0                              ; 0                               ; 0                                              ; 0                                ; 0                               ; 0                               ; 0                               ; 1                              ; 1                              ;
; instructions_in_pipeline[3].add                ; 0                                 ; 0                               ; 0                               ; 0                              ; 0                               ; 0                                              ; 0                                ; 0                               ; 0                               ; 1                               ; 0                              ; 1                              ;
; instructions_in_pipeline[3].sub                ; 0                                 ; 0                               ; 0                               ; 0                              ; 0                               ; 0                                              ; 0                                ; 0                               ; 1                               ; 0                               ; 0                              ; 1                              ;
; instructions_in_pipeline[3].mul                ; 0                                 ; 0                               ; 0                               ; 0                              ; 0                               ; 0                                              ; 0                                ; 1                               ; 0                               ; 0                               ; 0                              ; 1                              ;
; instructions_in_pipeline[3].addi               ; 0                                 ; 0                               ; 0                               ; 0                              ; 0                               ; 0                                              ; 1                                ; 0                               ; 0                               ; 0                               ; 0                              ; 1                              ;
; instructions_in_pipeline[3].shift_left_logical ; 0                                 ; 0                               ; 0                               ; 0                              ; 0                               ; 1                                              ; 0                                ; 0                               ; 0                               ; 0                               ; 0                              ; 1                              ;
; instructions_in_pipeline[3].jri                ; 0                                 ; 0                               ; 0                               ; 0                              ; 1                               ; 0                                              ; 0                                ; 0                               ; 0                               ; 0                               ; 0                              ; 1                              ;
; instructions_in_pipeline[3].ji                 ; 0                                 ; 0                               ; 0                               ; 1                              ; 0                               ; 0                                              ; 0                                ; 0                               ; 0                               ; 0                               ; 0                              ; 1                              ;
; instructions_in_pipeline[3].nop                ; 0                                 ; 0                               ; 1                               ; 0                              ; 0                               ; 0                                              ; 0                                ; 0                               ; 0                               ; 0                               ; 0                              ; 1                              ;
; instructions_in_pipeline[3].hlt                ; 0                                 ; 1                               ; 0                               ; 0                              ; 0                               ; 0                                              ; 0                                ; 0                               ; 0                               ; 0                               ; 0                              ; 1                              ;
; instructions_in_pipeline[3].reset              ; 1                                 ; 0                               ; 0                               ; 0                              ; 0                               ; 0                                              ; 0                                ; 0                               ; 0                               ; 0                               ; 0                              ; 1                              ;
+------------------------------------------------+-----------------------------------+---------------------------------+---------------------------------+--------------------------------+---------------------------------+------------------------------------------------+----------------------------------+---------------------------------+---------------------------------+---------------------------------+--------------------------------+--------------------------------+


Encoding Type:  One-Hot
+---------------------------------------------------------------------------------------------------------------------------------------------------------------------------------------------------------------------------------------------------------------------------------------------------------------------------------------------------------------------------------------------------------------------------------------------------------------------------------------+
; State Machine - |PDF_CPU|Controlpath:CP|instructions_in_pipeline[2]                                                                                                                                                                                                                                                                                                                                                                                                                   ;
+------------------------------------------------+-----------------------------------+---------------------------------+---------------------------------+--------------------------------+---------------------------------+------------------------------------------------+----------------------------------+---------------------------------+---------------------------------+---------------------------------+--------------------------------+--------------------------------+
; Name                                           ; instructions_in_pipeline[2].reset ; instructions_in_pipeline[2].hlt ; instructions_in_pipeline[2].nop ; instructions_in_pipeline[2].ji ; instructions_in_pipeline[2].jri ; instructions_in_pipeline[2].shift_left_logical ; instructions_in_pipeline[2].addi ; instructions_in_pipeline[2].mul ; instructions_in_pipeline[2].sub ; instructions_in_pipeline[2].add ; instructions_in_pipeline[2].sw ; instructions_in_pipeline[2].lw ;
+------------------------------------------------+-----------------------------------+---------------------------------+---------------------------------+--------------------------------+---------------------------------+------------------------------------------------+----------------------------------+---------------------------------+---------------------------------+---------------------------------+--------------------------------+--------------------------------+
; instructions_in_pipeline[2].lw                 ; 0                                 ; 0                               ; 0                               ; 0                              ; 0                               ; 0                                              ; 0                                ; 0                               ; 0                               ; 0                               ; 0                              ; 0                              ;
; instructions_in_pipeline[2].sw                 ; 0                                 ; 0                               ; 0                               ; 0                              ; 0                               ; 0                                              ; 0                                ; 0                               ; 0                               ; 0                               ; 1                              ; 1                              ;
; instructions_in_pipeline[2].add                ; 0                                 ; 0                               ; 0                               ; 0                              ; 0                               ; 0                                              ; 0                                ; 0                               ; 0                               ; 1                               ; 0                              ; 1                              ;
; instructions_in_pipeline[2].sub                ; 0                                 ; 0                               ; 0                               ; 0                              ; 0                               ; 0                                              ; 0                                ; 0                               ; 1                               ; 0                               ; 0                              ; 1                              ;
; instructions_in_pipeline[2].mul                ; 0                                 ; 0                               ; 0                               ; 0                              ; 0                               ; 0                                              ; 0                                ; 1                               ; 0                               ; 0                               ; 0                              ; 1                              ;
; instructions_in_pipeline[2].addi               ; 0                                 ; 0                               ; 0                               ; 0                              ; 0                               ; 0                                              ; 1                                ; 0                               ; 0                               ; 0                               ; 0                              ; 1                              ;
; instructions_in_pipeline[2].shift_left_logical ; 0                                 ; 0                               ; 0                               ; 0                              ; 0                               ; 1                                              ; 0                                ; 0                               ; 0                               ; 0                               ; 0                              ; 1                              ;
; instructions_in_pipeline[2].jri                ; 0                                 ; 0                               ; 0                               ; 0                              ; 1                               ; 0                                              ; 0                                ; 0                               ; 0                               ; 0                               ; 0                              ; 1                              ;
; instructions_in_pipeline[2].ji                 ; 0                                 ; 0                               ; 0                               ; 1                              ; 0                               ; 0                                              ; 0                                ; 0                               ; 0                               ; 0                               ; 0                              ; 1                              ;
; instructions_in_pipeline[2].nop                ; 0                                 ; 0                               ; 1                               ; 0                              ; 0                               ; 0                                              ; 0                                ; 0                               ; 0                               ; 0                               ; 0                              ; 1                              ;
; instructions_in_pipeline[2].hlt                ; 0                                 ; 1                               ; 0                               ; 0                              ; 0                               ; 0                                              ; 0                                ; 0                               ; 0                               ; 0                               ; 0                              ; 1                              ;
; instructions_in_pipeline[2].reset              ; 1                                 ; 0                               ; 0                               ; 0                              ; 0                               ; 0                                              ; 0                                ; 0                               ; 0                               ; 0                               ; 0                              ; 1                              ;
+------------------------------------------------+-----------------------------------+---------------------------------+---------------------------------+--------------------------------+---------------------------------+------------------------------------------------+----------------------------------+---------------------------------+---------------------------------+---------------------------------+--------------------------------+--------------------------------+


Encoding Type:  One-Hot
+---------------------------------------------------------------------------------------------------------------------------------------------------------------------------------------------------------------------------------------------------------------------------------------------------------------------------------------------------------------------------------------------------------------------------------------------------------------------------------------+
; State Machine - |PDF_CPU|Controlpath:CP|instructions_in_pipeline[1]                                                                                                                                                                                                                                                                                                                                                                                                                   ;
+------------------------------------------------+-----------------------------------+---------------------------------+---------------------------------+--------------------------------+---------------------------------+------------------------------------------------+----------------------------------+---------------------------------+---------------------------------+---------------------------------+--------------------------------+--------------------------------+
; Name                                           ; instructions_in_pipeline[1].reset ; instructions_in_pipeline[1].hlt ; instructions_in_pipeline[1].nop ; instructions_in_pipeline[1].ji ; instructions_in_pipeline[1].jri ; instructions_in_pipeline[1].shift_left_logical ; instructions_in_pipeline[1].addi ; instructions_in_pipeline[1].mul ; instructions_in_pipeline[1].sub ; instructions_in_pipeline[1].add ; instructions_in_pipeline[1].sw ; instructions_in_pipeline[1].lw ;
+------------------------------------------------+-----------------------------------+---------------------------------+---------------------------------+--------------------------------+---------------------------------+------------------------------------------------+----------------------------------+---------------------------------+---------------------------------+---------------------------------+--------------------------------+--------------------------------+
; instructions_in_pipeline[1].lw                 ; 0                                 ; 0                               ; 0                               ; 0                              ; 0                               ; 0                                              ; 0                                ; 0                               ; 0                               ; 0                               ; 0                              ; 0                              ;
; instructions_in_pipeline[1].sw                 ; 0                                 ; 0                               ; 0                               ; 0                              ; 0                               ; 0                                              ; 0                                ; 0                               ; 0                               ; 0                               ; 1                              ; 1                              ;
; instructions_in_pipeline[1].add                ; 0                                 ; 0                               ; 0                               ; 0                              ; 0                               ; 0                                              ; 0                                ; 0                               ; 0                               ; 1                               ; 0                              ; 1                              ;
; instructions_in_pipeline[1].sub                ; 0                                 ; 0                               ; 0                               ; 0                              ; 0                               ; 0                                              ; 0                                ; 0                               ; 1                               ; 0                               ; 0                              ; 1                              ;
; instructions_in_pipeline[1].mul                ; 0                                 ; 0                               ; 0                               ; 0                              ; 0                               ; 0                                              ; 0                                ; 1                               ; 0                               ; 0                               ; 0                              ; 1                              ;
; instructions_in_pipeline[1].addi               ; 0                                 ; 0                               ; 0                               ; 0                              ; 0                               ; 0                                              ; 1                                ; 0                               ; 0                               ; 0                               ; 0                              ; 1                              ;
; instructions_in_pipeline[1].shift_left_logical ; 0                                 ; 0                               ; 0                               ; 0                              ; 0                               ; 1                                              ; 0                                ; 0                               ; 0                               ; 0                               ; 0                              ; 1                              ;
; instructions_in_pipeline[1].jri                ; 0                                 ; 0                               ; 0                               ; 0                              ; 1                               ; 0                                              ; 0                                ; 0                               ; 0                               ; 0                               ; 0                              ; 1                              ;
; instructions_in_pipeline[1].ji                 ; 0                                 ; 0                               ; 0                               ; 1                              ; 0                               ; 0                                              ; 0                                ; 0                               ; 0                               ; 0                               ; 0                              ; 1                              ;
; instructions_in_pipeline[1].nop                ; 0                                 ; 0                               ; 1                               ; 0                              ; 0                               ; 0                                              ; 0                                ; 0                               ; 0                               ; 0                               ; 0                              ; 1                              ;
; instructions_in_pipeline[1].hlt                ; 0                                 ; 1                               ; 0                               ; 0                              ; 0                               ; 0                                              ; 0                                ; 0                               ; 0                               ; 0                               ; 0                              ; 1                              ;
; instructions_in_pipeline[1].reset              ; 1                                 ; 0                               ; 0                               ; 0                              ; 0                               ; 0                                              ; 0                                ; 0                               ; 0                               ; 0                               ; 0                              ; 1                              ;
+------------------------------------------------+-----------------------------------+---------------------------------+---------------------------------+--------------------------------+---------------------------------+------------------------------------------------+----------------------------------+---------------------------------+---------------------------------+---------------------------------+--------------------------------+--------------------------------+


Encoding Type:  One-Hot
+---------------------------------------------------------------------------------------------------------------------------------------------------------------------------------------------------------------------------------------------------------------------------------------------------------------------------------------------------------------------------------------------------------------------------------------------------------------------------------------+
; State Machine - |PDF_CPU|Controlpath:CP|instructions_in_pipeline[0]                                                                                                                                                                                                                                                                                                                                                                                                                   ;
+------------------------------------------------+-----------------------------------+---------------------------------+---------------------------------+--------------------------------+---------------------------------+------------------------------------------------+----------------------------------+---------------------------------+---------------------------------+---------------------------------+--------------------------------+--------------------------------+
; Name                                           ; instructions_in_pipeline[0].reset ; instructions_in_pipeline[0].hlt ; instructions_in_pipeline[0].nop ; instructions_in_pipeline[0].ji ; instructions_in_pipeline[0].jri ; instructions_in_pipeline[0].shift_left_logical ; instructions_in_pipeline[0].addi ; instructions_in_pipeline[0].mul ; instructions_in_pipeline[0].sub ; instructions_in_pipeline[0].add ; instructions_in_pipeline[0].sw ; instructions_in_pipeline[0].lw ;
+------------------------------------------------+-----------------------------------+---------------------------------+---------------------------------+--------------------------------+---------------------------------+------------------------------------------------+----------------------------------+---------------------------------+---------------------------------+---------------------------------+--------------------------------+--------------------------------+
; instructions_in_pipeline[0].lw                 ; 0                                 ; 0                               ; 0                               ; 0                              ; 0                               ; 0                                              ; 0                                ; 0                               ; 0                               ; 0                               ; 0                              ; 0                              ;
; instructions_in_pipeline[0].sw                 ; 0                                 ; 0                               ; 0                               ; 0                              ; 0                               ; 0                                              ; 0                                ; 0                               ; 0                               ; 0                               ; 1                              ; 1                              ;
; instructions_in_pipeline[0].add                ; 0                                 ; 0                               ; 0                               ; 0                              ; 0                               ; 0                                              ; 0                                ; 0                               ; 0                               ; 1                               ; 0                              ; 1                              ;
; instructions_in_pipeline[0].sub                ; 0                                 ; 0                               ; 0                               ; 0                              ; 0                               ; 0                                              ; 0                                ; 0                               ; 1                               ; 0                               ; 0                              ; 1                              ;
; instructions_in_pipeline[0].mul                ; 0                                 ; 0                               ; 0                               ; 0                              ; 0                               ; 0                                              ; 0                                ; 1                               ; 0                               ; 0                               ; 0                              ; 1                              ;
; instructions_in_pipeline[0].addi               ; 0                                 ; 0                               ; 0                               ; 0                              ; 0                               ; 0                                              ; 1                                ; 0                               ; 0                               ; 0                               ; 0                              ; 1                              ;
; instructions_in_pipeline[0].shift_left_logical ; 0                                 ; 0                               ; 0                               ; 0                              ; 0                               ; 1                                              ; 0                                ; 0                               ; 0                               ; 0                               ; 0                              ; 1                              ;
; instructions_in_pipeline[0].jri                ; 0                                 ; 0                               ; 0                               ; 0                              ; 1                               ; 0                                              ; 0                                ; 0                               ; 0                               ; 0                               ; 0                              ; 1                              ;
; instructions_in_pipeline[0].ji                 ; 0                                 ; 0                               ; 0                               ; 1                              ; 0                               ; 0                                              ; 0                                ; 0                               ; 0                               ; 0                               ; 0                              ; 1                              ;
; instructions_in_pipeline[0].nop                ; 0                                 ; 0                               ; 1                               ; 0                              ; 0                               ; 0                                              ; 0                                ; 0                               ; 0                               ; 0                               ; 0                              ; 1                              ;
; instructions_in_pipeline[0].hlt                ; 0                                 ; 1                               ; 0                               ; 0                              ; 0                               ; 0                                              ; 0                                ; 0                               ; 0                               ; 0                               ; 0                              ; 1                              ;
; instructions_in_pipeline[0].reset              ; 1                                 ; 0                               ; 0                               ; 0                              ; 0                               ; 0                                              ; 0                                ; 0                               ; 0                               ; 0                               ; 0                              ; 1                              ;
+------------------------------------------------+-----------------------------------+---------------------------------+---------------------------------+--------------------------------+---------------------------------+------------------------------------------------+----------------------------------+---------------------------------+---------------------------------+---------------------------------+--------------------------------+--------------------------------+


Encoding Type:  One-Hot
+-----------------------------------------------------------------------------------------------------------------------------------------------------------------------------------------+
; State Machine - |PDF_CPU|Controlpath:CP|instr                                                                                                                                           ;
+--------------------------+-------------+-----------+-----------+----------+-----------+--------------------------+------------+-----------+-----------+-----------+----------+----------+
; Name                     ; instr.reset ; instr.hlt ; instr.nop ; instr.ji ; instr.jri ; instr.shift_left_logical ; instr.addi ; instr.mul ; instr.sub ; instr.add ; instr.sw ; instr.lw ;
+--------------------------+-------------+-----------+-----------+----------+-----------+--------------------------+------------+-----------+-----------+-----------+----------+----------+
; instr.lw                 ; 0           ; 0         ; 0         ; 0        ; 0         ; 0                        ; 0          ; 0         ; 0         ; 0         ; 0        ; 0        ;
; instr.sw                 ; 0           ; 0         ; 0         ; 0        ; 0         ; 0                        ; 0          ; 0         ; 0         ; 0         ; 1        ; 1        ;
; instr.add                ; 0           ; 0         ; 0         ; 0        ; 0         ; 0                        ; 0          ; 0         ; 0         ; 1         ; 0        ; 1        ;
; instr.sub                ; 0           ; 0         ; 0         ; 0        ; 0         ; 0                        ; 0          ; 0         ; 1         ; 0         ; 0        ; 1        ;
; instr.mul                ; 0           ; 0         ; 0         ; 0        ; 0         ; 0                        ; 0          ; 1         ; 0         ; 0         ; 0        ; 1        ;
; instr.addi               ; 0           ; 0         ; 0         ; 0        ; 0         ; 0                        ; 1          ; 0         ; 0         ; 0         ; 0        ; 1        ;
; instr.shift_left_logical ; 0           ; 0         ; 0         ; 0        ; 0         ; 1                        ; 0          ; 0         ; 0         ; 0         ; 0        ; 1        ;
; instr.jri                ; 0           ; 0         ; 0         ; 0        ; 1         ; 0                        ; 0          ; 0         ; 0         ; 0         ; 0        ; 1        ;
; instr.ji                 ; 0           ; 0         ; 0         ; 1        ; 0         ; 0                        ; 0          ; 0         ; 0         ; 0         ; 0        ; 1        ;
; instr.nop                ; 0           ; 0         ; 1         ; 0        ; 0         ; 0                        ; 0          ; 0         ; 0         ; 0         ; 0        ; 1        ;
; instr.hlt                ; 0           ; 1         ; 0         ; 0        ; 0         ; 0                        ; 0          ; 0         ; 0         ; 0         ; 0        ; 1        ;
; instr.reset              ; 1           ; 0         ; 0         ; 0        ; 0         ; 0                        ; 0          ; 0         ; 0         ; 0         ; 0        ; 1        ;
+--------------------------+-------------+-----------+-----------+----------+-----------+--------------------------+------------+-----------+-----------+-----------+----------+----------+


+-----------------------------------------------------------------------------------------------------------------------------------------------+
; User-Specified and Inferred Latches                                                                                                           ;
+------------------------------------------------------------+---------------------------------------------------------+------------------------+
; Latch Name                                                 ; Latch Enable Signal                                     ; Free of Timing Hazards ;
+------------------------------------------------------------+---------------------------------------------------------+------------------------+
; datapath:DP|register_file:RF|demux_8x1_16bit:demux3|Y2[0]  ; datapath:DP|register_file:RF|demux_8x1_1bit:demux4|Mux0 ; yes                    ;
; datapath:DP|register_file:RF|demux_8x1_16bit:demux3|Y1[0]  ; datapath:DP|register_file:RF|demux_8x1_1bit:demux4|Mux0 ; yes                    ;
; datapath:DP|register_file:RF|demux_8x1_16bit:demux3|Y0[0]  ; datapath:DP|register_file:RF|demux_8x1_1bit:demux4|Mux0 ; yes                    ;
; datapath:DP|register_file:RF|demux_8x1_16bit:demux3|Y3[0]  ; datapath:DP|register_file:RF|demux_8x1_1bit:demux4|Mux0 ; yes                    ;
; datapath:DP|register_file:RF|demux_8x1_16bit:demux3|Y5[0]  ; datapath:DP|register_file:RF|demux_8x1_1bit:demux4|Mux0 ; yes                    ;
; datapath:DP|register_file:RF|demux_8x1_16bit:demux3|Y6[0]  ; datapath:DP|register_file:RF|demux_8x1_1bit:demux4|Mux0 ; yes                    ;
; datapath:DP|register_file:RF|demux_8x1_16bit:demux3|Y4[0]  ; datapath:DP|register_file:RF|demux_8x1_1bit:demux4|Mux0 ; yes                    ;
; datapath:DP|register_file:RF|demux_8x1_16bit:demux3|Y7[0]  ; datapath:DP|register_file:RF|demux_8x1_1bit:demux4|Mux0 ; yes                    ;
; datapath:DP|register_file:RF|demux_8x1_16bit:demux3|Y2[1]  ; datapath:DP|register_file:RF|demux_8x1_1bit:demux4|Mux0 ; yes                    ;
; datapath:DP|register_file:RF|demux_8x1_16bit:demux3|Y1[1]  ; datapath:DP|register_file:RF|demux_8x1_1bit:demux4|Mux0 ; yes                    ;
; datapath:DP|register_file:RF|demux_8x1_16bit:demux3|Y0[1]  ; datapath:DP|register_file:RF|demux_8x1_1bit:demux4|Mux0 ; yes                    ;
; datapath:DP|register_file:RF|demux_8x1_16bit:demux3|Y3[1]  ; datapath:DP|register_file:RF|demux_8x1_1bit:demux4|Mux0 ; yes                    ;
; datapath:DP|register_file:RF|demux_8x1_16bit:demux3|Y5[1]  ; datapath:DP|register_file:RF|demux_8x1_1bit:demux4|Mux0 ; yes                    ;
; datapath:DP|register_file:RF|demux_8x1_16bit:demux3|Y6[1]  ; datapath:DP|register_file:RF|demux_8x1_1bit:demux4|Mux0 ; yes                    ;
; datapath:DP|register_file:RF|demux_8x1_16bit:demux3|Y4[1]  ; datapath:DP|register_file:RF|demux_8x1_1bit:demux4|Mux0 ; yes                    ;
; datapath:DP|register_file:RF|demux_8x1_16bit:demux3|Y7[1]  ; datapath:DP|register_file:RF|demux_8x1_1bit:demux4|Mux0 ; yes                    ;
; datapath:DP|register_file:RF|demux_8x1_16bit:demux3|Y2[2]  ; datapath:DP|register_file:RF|demux_8x1_1bit:demux4|Mux0 ; yes                    ;
; datapath:DP|register_file:RF|demux_8x1_16bit:demux3|Y1[2]  ; datapath:DP|register_file:RF|demux_8x1_1bit:demux4|Mux0 ; yes                    ;
; datapath:DP|register_file:RF|demux_8x1_16bit:demux3|Y0[2]  ; datapath:DP|register_file:RF|demux_8x1_1bit:demux4|Mux0 ; yes                    ;
; datapath:DP|register_file:RF|demux_8x1_16bit:demux3|Y3[2]  ; datapath:DP|register_file:RF|demux_8x1_1bit:demux4|Mux0 ; yes                    ;
; datapath:DP|register_file:RF|demux_8x1_16bit:demux3|Y5[2]  ; datapath:DP|register_file:RF|demux_8x1_1bit:demux4|Mux0 ; yes                    ;
; datapath:DP|register_file:RF|demux_8x1_16bit:demux3|Y6[2]  ; datapath:DP|register_file:RF|demux_8x1_1bit:demux4|Mux0 ; yes                    ;
; datapath:DP|register_file:RF|demux_8x1_16bit:demux3|Y4[2]  ; datapath:DP|register_file:RF|demux_8x1_1bit:demux4|Mux0 ; yes                    ;
; datapath:DP|register_file:RF|demux_8x1_16bit:demux3|Y7[2]  ; datapath:DP|register_file:RF|demux_8x1_1bit:demux4|Mux0 ; yes                    ;
; datapath:DP|register_file:RF|demux_8x1_16bit:demux3|Y2[3]  ; datapath:DP|register_file:RF|demux_8x1_1bit:demux4|Mux0 ; yes                    ;
; datapath:DP|register_file:RF|demux_8x1_16bit:demux3|Y1[3]  ; datapath:DP|register_file:RF|demux_8x1_1bit:demux4|Mux0 ; yes                    ;
; datapath:DP|register_file:RF|demux_8x1_16bit:demux3|Y0[3]  ; datapath:DP|register_file:RF|demux_8x1_1bit:demux4|Mux0 ; yes                    ;
; datapath:DP|register_file:RF|demux_8x1_16bit:demux3|Y3[3]  ; datapath:DP|register_file:RF|demux_8x1_1bit:demux4|Mux0 ; yes                    ;
; datapath:DP|register_file:RF|demux_8x1_16bit:demux3|Y5[3]  ; datapath:DP|register_file:RF|demux_8x1_1bit:demux4|Mux0 ; yes                    ;
; datapath:DP|register_file:RF|demux_8x1_16bit:demux3|Y6[3]  ; datapath:DP|register_file:RF|demux_8x1_1bit:demux4|Mux0 ; yes                    ;
; datapath:DP|register_file:RF|demux_8x1_16bit:demux3|Y4[3]  ; datapath:DP|register_file:RF|demux_8x1_1bit:demux4|Mux0 ; yes                    ;
; datapath:DP|register_file:RF|demux_8x1_16bit:demux3|Y7[3]  ; datapath:DP|register_file:RF|demux_8x1_1bit:demux4|Mux0 ; yes                    ;
; datapath:DP|register_file:RF|demux_8x1_16bit:demux3|Y2[4]  ; datapath:DP|register_file:RF|demux_8x1_1bit:demux4|Mux0 ; yes                    ;
; datapath:DP|register_file:RF|demux_8x1_16bit:demux3|Y1[4]  ; datapath:DP|register_file:RF|demux_8x1_1bit:demux4|Mux0 ; yes                    ;
; datapath:DP|register_file:RF|demux_8x1_16bit:demux3|Y0[4]  ; datapath:DP|register_file:RF|demux_8x1_1bit:demux4|Mux0 ; yes                    ;
; datapath:DP|register_file:RF|demux_8x1_16bit:demux3|Y3[4]  ; datapath:DP|register_file:RF|demux_8x1_1bit:demux4|Mux0 ; yes                    ;
; datapath:DP|register_file:RF|demux_8x1_16bit:demux3|Y5[4]  ; datapath:DP|register_file:RF|demux_8x1_1bit:demux4|Mux0 ; yes                    ;
; datapath:DP|register_file:RF|demux_8x1_16bit:demux3|Y6[4]  ; datapath:DP|register_file:RF|demux_8x1_1bit:demux4|Mux0 ; yes                    ;
; datapath:DP|register_file:RF|demux_8x1_16bit:demux3|Y4[4]  ; datapath:DP|register_file:RF|demux_8x1_1bit:demux4|Mux0 ; yes                    ;
; datapath:DP|register_file:RF|demux_8x1_16bit:demux3|Y7[4]  ; datapath:DP|register_file:RF|demux_8x1_1bit:demux4|Mux0 ; yes                    ;
; datapath:DP|register_file:RF|demux_8x1_16bit:demux3|Y2[5]  ; datapath:DP|register_file:RF|demux_8x1_1bit:demux4|Mux0 ; yes                    ;
; datapath:DP|register_file:RF|demux_8x1_16bit:demux3|Y1[5]  ; datapath:DP|register_file:RF|demux_8x1_1bit:demux4|Mux0 ; yes                    ;
; datapath:DP|register_file:RF|demux_8x1_16bit:demux3|Y0[5]  ; datapath:DP|register_file:RF|demux_8x1_1bit:demux4|Mux0 ; yes                    ;
; datapath:DP|register_file:RF|demux_8x1_16bit:demux3|Y3[5]  ; datapath:DP|register_file:RF|demux_8x1_1bit:demux4|Mux0 ; yes                    ;
; datapath:DP|register_file:RF|demux_8x1_16bit:demux3|Y5[5]  ; datapath:DP|register_file:RF|demux_8x1_1bit:demux4|Mux0 ; yes                    ;
; datapath:DP|register_file:RF|demux_8x1_16bit:demux3|Y6[5]  ; datapath:DP|register_file:RF|demux_8x1_1bit:demux4|Mux0 ; yes                    ;
; datapath:DP|register_file:RF|demux_8x1_16bit:demux3|Y4[5]  ; datapath:DP|register_file:RF|demux_8x1_1bit:demux4|Mux0 ; yes                    ;
; datapath:DP|register_file:RF|demux_8x1_16bit:demux3|Y7[5]  ; datapath:DP|register_file:RF|demux_8x1_1bit:demux4|Mux0 ; yes                    ;
; datapath:DP|register_file:RF|demux_8x1_16bit:demux3|Y2[6]  ; datapath:DP|register_file:RF|demux_8x1_1bit:demux4|Mux0 ; yes                    ;
; datapath:DP|register_file:RF|demux_8x1_16bit:demux3|Y1[6]  ; datapath:DP|register_file:RF|demux_8x1_1bit:demux4|Mux0 ; yes                    ;
; datapath:DP|register_file:RF|demux_8x1_16bit:demux3|Y0[6]  ; datapath:DP|register_file:RF|demux_8x1_1bit:demux4|Mux0 ; yes                    ;
; datapath:DP|register_file:RF|demux_8x1_16bit:demux3|Y3[6]  ; datapath:DP|register_file:RF|demux_8x1_1bit:demux4|Mux0 ; yes                    ;
; datapath:DP|register_file:RF|demux_8x1_16bit:demux3|Y5[6]  ; datapath:DP|register_file:RF|demux_8x1_1bit:demux4|Mux0 ; yes                    ;
; datapath:DP|register_file:RF|demux_8x1_16bit:demux3|Y6[6]  ; datapath:DP|register_file:RF|demux_8x1_1bit:demux4|Mux0 ; yes                    ;
; datapath:DP|register_file:RF|demux_8x1_16bit:demux3|Y4[6]  ; datapath:DP|register_file:RF|demux_8x1_1bit:demux4|Mux0 ; yes                    ;
; datapath:DP|register_file:RF|demux_8x1_16bit:demux3|Y7[6]  ; datapath:DP|register_file:RF|demux_8x1_1bit:demux4|Mux0 ; yes                    ;
; datapath:DP|register_file:RF|demux_8x1_16bit:demux3|Y2[7]  ; datapath:DP|register_file:RF|demux_8x1_1bit:demux4|Mux0 ; yes                    ;
; datapath:DP|register_file:RF|demux_8x1_16bit:demux3|Y1[7]  ; datapath:DP|register_file:RF|demux_8x1_1bit:demux4|Mux0 ; yes                    ;
; datapath:DP|register_file:RF|demux_8x1_16bit:demux3|Y0[7]  ; datapath:DP|register_file:RF|demux_8x1_1bit:demux4|Mux0 ; yes                    ;
; datapath:DP|register_file:RF|demux_8x1_16bit:demux3|Y3[7]  ; datapath:DP|register_file:RF|demux_8x1_1bit:demux4|Mux0 ; yes                    ;
; datapath:DP|register_file:RF|demux_8x1_16bit:demux3|Y5[7]  ; datapath:DP|register_file:RF|demux_8x1_1bit:demux4|Mux0 ; yes                    ;
; datapath:DP|register_file:RF|demux_8x1_16bit:demux3|Y6[7]  ; datapath:DP|register_file:RF|demux_8x1_1bit:demux4|Mux0 ; yes                    ;
; datapath:DP|register_file:RF|demux_8x1_16bit:demux3|Y4[7]  ; datapath:DP|register_file:RF|demux_8x1_1bit:demux4|Mux0 ; yes                    ;
; datapath:DP|register_file:RF|demux_8x1_16bit:demux3|Y7[7]  ; datapath:DP|register_file:RF|demux_8x1_1bit:demux4|Mux0 ; yes                    ;
; datapath:DP|register_file:RF|demux_8x1_16bit:demux3|Y2[8]  ; datapath:DP|register_file:RF|demux_8x1_1bit:demux4|Mux0 ; yes                    ;
; datapath:DP|register_file:RF|demux_8x1_16bit:demux3|Y1[8]  ; datapath:DP|register_file:RF|demux_8x1_1bit:demux4|Mux0 ; yes                    ;
; datapath:DP|register_file:RF|demux_8x1_16bit:demux3|Y0[8]  ; datapath:DP|register_file:RF|demux_8x1_1bit:demux4|Mux0 ; yes                    ;
; datapath:DP|register_file:RF|demux_8x1_16bit:demux3|Y3[8]  ; datapath:DP|register_file:RF|demux_8x1_1bit:demux4|Mux0 ; yes                    ;
; datapath:DP|register_file:RF|demux_8x1_16bit:demux3|Y5[8]  ; datapath:DP|register_file:RF|demux_8x1_1bit:demux4|Mux0 ; yes                    ;
; datapath:DP|register_file:RF|demux_8x1_16bit:demux3|Y6[8]  ; datapath:DP|register_file:RF|demux_8x1_1bit:demux4|Mux0 ; yes                    ;
; datapath:DP|register_file:RF|demux_8x1_16bit:demux3|Y4[8]  ; datapath:DP|register_file:RF|demux_8x1_1bit:demux4|Mux0 ; yes                    ;
; datapath:DP|register_file:RF|demux_8x1_16bit:demux3|Y7[8]  ; datapath:DP|register_file:RF|demux_8x1_1bit:demux4|Mux0 ; yes                    ;
; datapath:DP|register_file:RF|demux_8x1_16bit:demux3|Y2[9]  ; datapath:DP|register_file:RF|demux_8x1_1bit:demux4|Mux0 ; yes                    ;
; datapath:DP|register_file:RF|demux_8x1_16bit:demux3|Y1[9]  ; datapath:DP|register_file:RF|demux_8x1_1bit:demux4|Mux0 ; yes                    ;
; datapath:DP|register_file:RF|demux_8x1_16bit:demux3|Y0[9]  ; datapath:DP|register_file:RF|demux_8x1_1bit:demux4|Mux0 ; yes                    ;
; datapath:DP|register_file:RF|demux_8x1_16bit:demux3|Y3[9]  ; datapath:DP|register_file:RF|demux_8x1_1bit:demux4|Mux0 ; yes                    ;
; datapath:DP|register_file:RF|demux_8x1_16bit:demux3|Y5[9]  ; datapath:DP|register_file:RF|demux_8x1_1bit:demux4|Mux0 ; yes                    ;
; datapath:DP|register_file:RF|demux_8x1_16bit:demux3|Y6[9]  ; datapath:DP|register_file:RF|demux_8x1_1bit:demux4|Mux0 ; yes                    ;
; datapath:DP|register_file:RF|demux_8x1_16bit:demux3|Y4[9]  ; datapath:DP|register_file:RF|demux_8x1_1bit:demux4|Mux0 ; yes                    ;
; datapath:DP|register_file:RF|demux_8x1_16bit:demux3|Y7[9]  ; datapath:DP|register_file:RF|demux_8x1_1bit:demux4|Mux0 ; yes                    ;
; datapath:DP|register_file:RF|demux_8x1_16bit:demux3|Y2[10] ; datapath:DP|register_file:RF|demux_8x1_1bit:demux4|Mux0 ; yes                    ;
; datapath:DP|register_file:RF|demux_8x1_16bit:demux3|Y1[10] ; datapath:DP|register_file:RF|demux_8x1_1bit:demux4|Mux0 ; yes                    ;
; datapath:DP|register_file:RF|demux_8x1_16bit:demux3|Y0[10] ; datapath:DP|register_file:RF|demux_8x1_1bit:demux4|Mux0 ; yes                    ;
; datapath:DP|register_file:RF|demux_8x1_16bit:demux3|Y3[10] ; datapath:DP|register_file:RF|demux_8x1_1bit:demux4|Mux0 ; yes                    ;
; datapath:DP|register_file:RF|demux_8x1_16bit:demux3|Y5[10] ; datapath:DP|register_file:RF|demux_8x1_1bit:demux4|Mux0 ; yes                    ;
; datapath:DP|register_file:RF|demux_8x1_16bit:demux3|Y6[10] ; datapath:DP|register_file:RF|demux_8x1_1bit:demux4|Mux0 ; yes                    ;
; datapath:DP|register_file:RF|demux_8x1_16bit:demux3|Y4[10] ; datapath:DP|register_file:RF|demux_8x1_1bit:demux4|Mux0 ; yes                    ;
; datapath:DP|register_file:RF|demux_8x1_16bit:demux3|Y7[10] ; datapath:DP|register_file:RF|demux_8x1_1bit:demux4|Mux0 ; yes                    ;
; datapath:DP|register_file:RF|demux_8x1_16bit:demux3|Y2[11] ; datapath:DP|register_file:RF|demux_8x1_1bit:demux4|Mux0 ; yes                    ;
; datapath:DP|register_file:RF|demux_8x1_16bit:demux3|Y1[11] ; datapath:DP|register_file:RF|demux_8x1_1bit:demux4|Mux0 ; yes                    ;
; datapath:DP|register_file:RF|demux_8x1_16bit:demux3|Y0[11] ; datapath:DP|register_file:RF|demux_8x1_1bit:demux4|Mux0 ; yes                    ;
; datapath:DP|register_file:RF|demux_8x1_16bit:demux3|Y3[11] ; datapath:DP|register_file:RF|demux_8x1_1bit:demux4|Mux0 ; yes                    ;
; datapath:DP|register_file:RF|demux_8x1_16bit:demux3|Y5[11] ; datapath:DP|register_file:RF|demux_8x1_1bit:demux4|Mux0 ; yes                    ;
; datapath:DP|register_file:RF|demux_8x1_16bit:demux3|Y6[11] ; datapath:DP|register_file:RF|demux_8x1_1bit:demux4|Mux0 ; yes                    ;
; datapath:DP|register_file:RF|demux_8x1_16bit:demux3|Y4[11] ; datapath:DP|register_file:RF|demux_8x1_1bit:demux4|Mux0 ; yes                    ;
; datapath:DP|register_file:RF|demux_8x1_16bit:demux3|Y7[11] ; datapath:DP|register_file:RF|demux_8x1_1bit:demux4|Mux0 ; yes                    ;
; datapath:DP|register_file:RF|demux_8x1_16bit:demux3|Y2[12] ; datapath:DP|register_file:RF|demux_8x1_1bit:demux4|Mux0 ; yes                    ;
; datapath:DP|register_file:RF|demux_8x1_16bit:demux3|Y1[12] ; datapath:DP|register_file:RF|demux_8x1_1bit:demux4|Mux0 ; yes                    ;
; datapath:DP|register_file:RF|demux_8x1_16bit:demux3|Y0[12] ; datapath:DP|register_file:RF|demux_8x1_1bit:demux4|Mux0 ; yes                    ;
; datapath:DP|register_file:RF|demux_8x1_16bit:demux3|Y3[12] ; datapath:DP|register_file:RF|demux_8x1_1bit:demux4|Mux0 ; yes                    ;
; Number of user-specified and inferred latches = 128        ;                                                         ;                        ;
+------------------------------------------------------------+---------------------------------------------------------+------------------------+
Table restricted to first 100 entries. Note: All latches listed above may not be present at the end of synthesis due to various synthesis optimizations.


+--------------------------------------------------------------------------------------------------------+
; Registers Removed During Synthesis                                                                     ;
+---------------------------------------------------------------+----------------------------------------+
; Register name                                                 ; Reason for Removal                     ;
+---------------------------------------------------------------+----------------------------------------+
; Controlpath:CP|R4_En                                          ; Merged with Controlpath:CP|IMEM_Read   ;
; Controlpath:CP|R5_En                                          ; Merged with Controlpath:CP|IMEM_Read   ;
; Controlpath:CP|R6_En                                          ; Merged with Controlpath:CP|IMEM_Read   ;
; Controlpath:CP|RWB_En                                         ; Merged with Controlpath:CP|IMEM_Read   ;
; Controlpath:CP|R_ALU_En                                       ; Merged with Controlpath:CP|IMEM_Read   ;
; Controlpath:CP|R1_En                                          ; Merged with Controlpath:CP|PC_Store_En ;
; Controlpath:CP|R2_En                                          ; Merged with Controlpath:CP|PC_Store_En ;
; Controlpath:CP|R3_En                                          ; Merged with Controlpath:CP|PC_Store_En ;
; Controlpath:CP|reg_reading_2.r0                               ; Lost fanout                            ;
; Controlpath:CP|reg_reading_2.r1                               ; Lost fanout                            ;
; Controlpath:CP|reg_reading_2.r2                               ; Lost fanout                            ;
; Controlpath:CP|reg_reading_2.r3                               ; Lost fanout                            ;
; Controlpath:CP|reg_reading_2.r4                               ; Lost fanout                            ;
; Controlpath:CP|reg_reading_2.r5                               ; Lost fanout                            ;
; Controlpath:CP|reg_reading_2.r6                               ; Lost fanout                            ;
; Controlpath:CP|reg_reading_2.r7                               ; Lost fanout                            ;
; Controlpath:CP|reg_reading_2.none                             ; Lost fanout                            ;
; Controlpath:CP|reg_writing.r0                                 ; Lost fanout                            ;
; Controlpath:CP|reg_writing.r1                                 ; Lost fanout                            ;
; Controlpath:CP|reg_writing.r2                                 ; Lost fanout                            ;
; Controlpath:CP|reg_writing.r3                                 ; Lost fanout                            ;
; Controlpath:CP|reg_writing.r4                                 ; Lost fanout                            ;
; Controlpath:CP|reg_writing.r5                                 ; Lost fanout                            ;
; Controlpath:CP|reg_writing.r6                                 ; Lost fanout                            ;
; Controlpath:CP|reg_writing.r7                                 ; Lost fanout                            ;
; Controlpath:CP|reg_writing.none                               ; Lost fanout                            ;
; Controlpath:CP|instructions_in_pipeline[3].lw                 ; Lost fanout                            ;
; Controlpath:CP|instructions_in_pipeline[3].sw                 ; Lost fanout                            ;
; Controlpath:CP|instructions_in_pipeline[3].add                ; Lost fanout                            ;
; Controlpath:CP|instructions_in_pipeline[3].sub                ; Lost fanout                            ;
; Controlpath:CP|instructions_in_pipeline[3].mul                ; Lost fanout                            ;
; Controlpath:CP|instructions_in_pipeline[3].addi               ; Lost fanout                            ;
; Controlpath:CP|instructions_in_pipeline[3].shift_left_logical ; Lost fanout                            ;
; Controlpath:CP|instructions_in_pipeline[3].jri                ; Lost fanout                            ;
; Controlpath:CP|instructions_in_pipeline[3].ji                 ; Lost fanout                            ;
; Controlpath:CP|instructions_in_pipeline[3].nop                ; Lost fanout                            ;
; Controlpath:CP|instructions_in_pipeline[3].hlt                ; Lost fanout                            ;
; Controlpath:CP|instructions_in_pipeline[3].reset              ; Lost fanout                            ;
; Controlpath:CP|instructions_in_pipeline[2].lw                 ; Lost fanout                            ;
; Controlpath:CP|instructions_in_pipeline[2].add                ; Lost fanout                            ;
; Controlpath:CP|instructions_in_pipeline[2].sub                ; Lost fanout                            ;
; Controlpath:CP|instructions_in_pipeline[2].mul                ; Lost fanout                            ;
; Controlpath:CP|instructions_in_pipeline[2].addi               ; Lost fanout                            ;
; Controlpath:CP|instructions_in_pipeline[2].shift_left_logical ; Lost fanout                            ;
; Controlpath:CP|instructions_in_pipeline[1].add                ; Lost fanout                            ;
; Controlpath:CP|instructions_in_pipeline[1].sub                ; Lost fanout                            ;
; Controlpath:CP|instructions_in_pipeline[1].mul                ; Lost fanout                            ;
; Controlpath:CP|instructions_in_pipeline[1].addi               ; Lost fanout                            ;
; Controlpath:CP|instructions_in_pipeline[1].shift_left_logical ; Lost fanout                            ;
; Controlpath:CP|instructions_in_pipeline[0].sub                ; Lost fanout                            ;
; Controlpath:CP|instr.lw                                       ; Lost fanout                            ;
; Controlpath:CP|instr.sw                                       ; Lost fanout                            ;
; Controlpath:CP|instr.add                                      ; Lost fanout                            ;
; Controlpath:CP|instr.sub                                      ; Lost fanout                            ;
; Controlpath:CP|instr.mul                                      ; Lost fanout                            ;
; Controlpath:CP|instr.addi                                     ; Lost fanout                            ;
; Controlpath:CP|instr.shift_left_logical                       ; Lost fanout                            ;
; Controlpath:CP|instr.jri                                      ; Lost fanout                            ;
; Controlpath:CP|instr.ji                                       ; Lost fanout                            ;
; Controlpath:CP|instr.nop                                      ; Lost fanout                            ;
; Controlpath:CP|instr.hlt                                      ; Lost fanout                            ;
; Controlpath:CP|instr.reset                                    ; Lost fanout                            ;
; Controlpath:CP|writing_to_reg[0].none                         ; Stuck at GND due to stuck port data_in ;
; Controlpath:CP|writing_to_reg[1].none                         ; Stuck at GND due to stuck port data_in ;
; Controlpath:CP|writing_to_reg[2].none                         ; Stuck at GND due to stuck port data_in ;
; Controlpath:CP|writing_to_reg[3].none                         ; Stuck at GND due to stuck port data_in ;
; Total Number of Removed Registers = 66                        ;                                        ;
+---------------------------------------------------------------+----------------------------------------+


+------------------------------------------------------+
; General Register Statistics                          ;
+----------------------------------------------+-------+
; Statistic                                    ; Value ;
+----------------------------------------------+-------+
; Total registers                              ; 419   ;
; Number of registers using Synchronous Clear  ; 9     ;
; Number of registers using Synchronous Load   ; 32    ;
; Number of registers using Asynchronous Clear ; 252   ;
; Number of registers using Asynchronous Load  ; 0     ;
; Number of registers using Clock Enable       ; 392   ;
; Number of registers using Preset             ; 0     ;
+----------------------------------------------+-------+


+----------------------------------------------------------------------------------+
; Registers Added for RAM Pass-Through Logic                                       ;
+----------------------------------------------+-----------------------------------+
; Register Name                                ; RAM Name                          ;
+----------------------------------------------+-----------------------------------+
; ring_buffer:Data_Memory|ram_rtl_0_bypass[0]  ; ring_buffer:Data_Memory|ram_rtl_0 ;
; ring_buffer:Data_Memory|ram_rtl_0_bypass[1]  ; ring_buffer:Data_Memory|ram_rtl_0 ;
; ring_buffer:Data_Memory|ram_rtl_0_bypass[2]  ; ring_buffer:Data_Memory|ram_rtl_0 ;
; ring_buffer:Data_Memory|ram_rtl_0_bypass[3]  ; ring_buffer:Data_Memory|ram_rtl_0 ;
; ring_buffer:Data_Memory|ram_rtl_0_bypass[4]  ; ring_buffer:Data_Memory|ram_rtl_0 ;
; ring_buffer:Data_Memory|ram_rtl_0_bypass[5]  ; ring_buffer:Data_Memory|ram_rtl_0 ;
; ring_buffer:Data_Memory|ram_rtl_0_bypass[6]  ; ring_buffer:Data_Memory|ram_rtl_0 ;
; ring_buffer:Data_Memory|ram_rtl_0_bypass[7]  ; ring_buffer:Data_Memory|ram_rtl_0 ;
; ring_buffer:Data_Memory|ram_rtl_0_bypass[8]  ; ring_buffer:Data_Memory|ram_rtl_0 ;
; ring_buffer:Data_Memory|ram_rtl_0_bypass[9]  ; ring_buffer:Data_Memory|ram_rtl_0 ;
; ring_buffer:Data_Memory|ram_rtl_0_bypass[10] ; ring_buffer:Data_Memory|ram_rtl_0 ;
; ring_buffer:Data_Memory|ram_rtl_0_bypass[11] ; ring_buffer:Data_Memory|ram_rtl_0 ;
; ring_buffer:Data_Memory|ram_rtl_0_bypass[12] ; ring_buffer:Data_Memory|ram_rtl_0 ;
; ring_buffer:Data_Memory|ram_rtl_0_bypass[13] ; ring_buffer:Data_Memory|ram_rtl_0 ;
; ring_buffer:Data_Memory|ram_rtl_0_bypass[14] ; ring_buffer:Data_Memory|ram_rtl_0 ;
; ring_buffer:Data_Memory|ram_rtl_0_bypass[15] ; ring_buffer:Data_Memory|ram_rtl_0 ;
; ring_buffer:Data_Memory|ram_rtl_0_bypass[16] ; ring_buffer:Data_Memory|ram_rtl_0 ;
; ring_buffer:Data_Memory|ram_rtl_0_bypass[17] ; ring_buffer:Data_Memory|ram_rtl_0 ;
; ring_buffer:Data_Memory|ram_rtl_0_bypass[18] ; ring_buffer:Data_Memory|ram_rtl_0 ;
; ring_buffer:Data_Memory|ram_rtl_0_bypass[19] ; ring_buffer:Data_Memory|ram_rtl_0 ;
; ring_buffer:Data_Memory|ram_rtl_0_bypass[20] ; ring_buffer:Data_Memory|ram_rtl_0 ;
; ring_buffer:Data_Memory|ram_rtl_0_bypass[21] ; ring_buffer:Data_Memory|ram_rtl_0 ;
; ring_buffer:Data_Memory|ram_rtl_0_bypass[22] ; ring_buffer:Data_Memory|ram_rtl_0 ;
; ring_buffer:Data_Memory|ram_rtl_0_bypass[23] ; ring_buffer:Data_Memory|ram_rtl_0 ;
; ring_buffer:Data_Memory|ram_rtl_0_bypass[24] ; ring_buffer:Data_Memory|ram_rtl_0 ;
; ring_buffer:Data_Memory|ram_rtl_0_bypass[25] ; ring_buffer:Data_Memory|ram_rtl_0 ;
; ring_buffer:Data_Memory|ram_rtl_0_bypass[26] ; ring_buffer:Data_Memory|ram_rtl_0 ;
+----------------------------------------------+-----------------------------------+


+-----------------------------------------------------------------------------------------------------------------------------------------------------------------------------------+
; Multiplexer Restructuring Statistics (Restructuring Performed)                                                                                                                    ;
+--------------------+-----------+---------------+----------------------+------------------------+------------+---------------------------------------------------------------------+
; Multiplexer Inputs ; Bus Width ; Baseline Area ; Area if Restructured ; Saving if Restructured ; Registered ; Example Multiplexer Output                                          ;
+--------------------+-----------+---------------+----------------------+------------------------+------------+---------------------------------------------------------------------+
; 3:1                ; 11 bits   ; 22 LEs        ; 11 LEs               ; 11 LEs                 ; Yes        ; |PDF_CPU|Controlpath:CP|ALU_Sel[1]                                  ;
; 3:1                ; 16 bits   ; 32 LEs        ; 32 LEs               ; 0 LEs                  ; Yes        ; |PDF_CPU|datapath:DP|pipo_register:PC_Reg|d_ff:\gen_dff:7:dffi|q    ;
; 8:1                ; 16 bits   ; 80 LEs        ; 80 LEs               ; 0 LEs                  ; Yes        ; |PDF_CPU|datapath:DP|pipo_register:R1|d_ff:\gen_dff:15:dffi|q       ;
; 5:1                ; 8 bits    ; 24 LEs        ; 16 LEs               ; 8 LEs                  ; Yes        ; |PDF_CPU|datapath:DP|pipo_register:R_ALU|d_ff:\gen_dff:7:dffi|q     ;
; 9:1                ; 16 bits   ; 96 LEs        ; 96 LEs               ; 0 LEs                  ; Yes        ; |PDF_CPU|datapath:DP|pipo_register:R2|d_ff:\gen_dff:3:dffi|q        ;
; 6:1                ; 3 bits    ; 12 LEs        ; 6 LEs                ; 6 LEs                  ; Yes        ; |PDF_CPU|datapath:DP|pipo_register:R_ALU|d_ff:\gen_dff:9:dffi|q     ;
; 7:1                ; 2 bits    ; 8 LEs         ; 8 LEs                ; 0 LEs                  ; Yes        ; |PDF_CPU|datapath:DP|pipo_register:R_ALU|d_ff:\gen_dff:13:dffi|q    ;
; 8:1                ; 2 bits    ; 10 LEs        ; 8 LEs                ; 2 LEs                  ; Yes        ; |PDF_CPU|datapath:DP|pipo_register:R_ALU|d_ff:\gen_dff:15:dffi|q    ;
; 3:1                ; 12 bits   ; 24 LEs        ; 24 LEs               ; 0 LEs                  ; No         ; |PDF_CPU|Controlpath:CP|instr                                       ;
; 1:1                ; 16 bits   ; 0 LEs         ; 0 LEs                ; 0 LEs                  ; No         ; |PDF_CPU|datapath:DP|register_file:RF|demux_8x1_16bit:demux3|Mux12  ;
; 1:1                ; 16 bits   ; 0 LEs         ; 0 LEs                ; 0 LEs                  ; No         ; |PDF_CPU|datapath:DP|register_file:RF|demux_8x1_16bit:demux3|Mux30  ;
; 1:1                ; 16 bits   ; 0 LEs         ; 0 LEs                ; 0 LEs                  ; No         ; |PDF_CPU|datapath:DP|register_file:RF|demux_8x1_16bit:demux3|Mux37  ;
; 1:1                ; 16 bits   ; 0 LEs         ; 0 LEs                ; 0 LEs                  ; No         ; |PDF_CPU|datapath:DP|register_file:RF|demux_8x1_16bit:demux3|Mux63  ;
; 1:1                ; 16 bits   ; 0 LEs         ; 0 LEs                ; 0 LEs                  ; No         ; |PDF_CPU|datapath:DP|register_file:RF|demux_8x1_16bit:demux3|Mux72  ;
; 1:1                ; 16 bits   ; 0 LEs         ; 0 LEs                ; 0 LEs                  ; No         ; |PDF_CPU|datapath:DP|register_file:RF|demux_8x1_16bit:demux3|Mux85  ;
; 1:1                ; 16 bits   ; 0 LEs         ; 0 LEs                ; 0 LEs                  ; No         ; |PDF_CPU|datapath:DP|register_file:RF|demux_8x1_16bit:demux3|Mux104 ;
; 1:1                ; 16 bits   ; 0 LEs         ; 0 LEs                ; 0 LEs                  ; No         ; |PDF_CPU|datapath:DP|register_file:RF|demux_8x1_16bit:demux3|Mux120 ;
; 16:1               ; 8 bits    ; 80 LEs        ; 16 LEs               ; 64 LEs                 ; No         ; |PDF_CPU|Controlpath:CP|Selector0                                   ;
; 17:1               ; 8 bits    ; 88 LEs        ; 16 LEs               ; 72 LEs                 ; No         ; |PDF_CPU|Controlpath:CP|reg_reading_2                               ;
+--------------------+-----------+---------------+----------------------+------------------------+------------+---------------------------------------------------------------------+


+----------------------------------------------------------------------------------------------------+
; Source assignments for ring_buffer:Data_Memory|altsyncram:ram_rtl_0|altsyncram_fmh1:auto_generated ;
+---------------------------------+--------------------+------+--------------------------------------+
; Assignment                      ; Value              ; From ; To                                   ;
+---------------------------------+--------------------+------+--------------------------------------+
; OPTIMIZE_POWER_DURING_SYNTHESIS ; NORMAL_COMPILATION ; -    ; -                                    ;
+---------------------------------+--------------------+------+--------------------------------------+


+----------------------------------------------------------------------+
; Parameter Settings for User Entity Instance: ring_buffer:Data_Memory ;
+----------------+-------+---------------------------------------------+
; Parameter Name ; Value ; Type                                        ;
+----------------+-------+---------------------------------------------+
; RAM_WIDTH      ; 16    ; Signed Integer                              ;
; RAM_DEPTH      ; 32    ; Signed Integer                              ;
+----------------+-------+---------------------------------------------+
Note: In order to hide this table in the UI and the text report file, please set the "Show Parameter Settings in Synthesis Report" option in "Analysis and Synthesis Settings -> More Settings" to "Off".


+-----------------------------------------------------------------------------------------------+
; Parameter Settings for Inferred Entity Instance: ring_buffer:Data_Memory|altsyncram:ram_rtl_0 ;
+------------------------------------+----------------------+-----------------------------------+
; Parameter Name                     ; Value                ; Type                              ;
+------------------------------------+----------------------+-----------------------------------+
; BYTE_SIZE_BLOCK                    ; 8                    ; Untyped                           ;
; AUTO_CARRY_CHAINS                  ; ON                   ; AUTO_CARRY                        ;
; IGNORE_CARRY_BUFFERS               ; OFF                  ; IGNORE_CARRY                      ;
; AUTO_CASCADE_CHAINS                ; ON                   ; AUTO_CASCADE                      ;
; IGNORE_CASCADE_BUFFERS             ; OFF                  ; IGNORE_CASCADE                    ;
; WIDTH_BYTEENA                      ; 1                    ; Untyped                           ;
; OPERATION_MODE                     ; DUAL_PORT            ; Untyped                           ;
; WIDTH_A                            ; 16                   ; Untyped                           ;
; WIDTHAD_A                          ; 5                    ; Untyped                           ;
; NUMWORDS_A                         ; 32                   ; Untyped                           ;
; OUTDATA_REG_A                      ; UNREGISTERED         ; Untyped                           ;
; ADDRESS_ACLR_A                     ; NONE                 ; Untyped                           ;
; OUTDATA_ACLR_A                     ; NONE                 ; Untyped                           ;
; WRCONTROL_ACLR_A                   ; NONE                 ; Untyped                           ;
; INDATA_ACLR_A                      ; NONE                 ; Untyped                           ;
; BYTEENA_ACLR_A                     ; NONE                 ; Untyped                           ;
; WIDTH_B                            ; 16                   ; Untyped                           ;
; WIDTHAD_B                          ; 5                    ; Untyped                           ;
; NUMWORDS_B                         ; 32                   ; Untyped                           ;
; INDATA_REG_B                       ; CLOCK1               ; Untyped                           ;
; WRCONTROL_WRADDRESS_REG_B          ; CLOCK1               ; Untyped                           ;
; RDCONTROL_REG_B                    ; CLOCK1               ; Untyped                           ;
; ADDRESS_REG_B                      ; CLOCK0               ; Untyped                           ;
; OUTDATA_REG_B                      ; UNREGISTERED         ; Untyped                           ;
; BYTEENA_REG_B                      ; CLOCK1               ; Untyped                           ;
; INDATA_ACLR_B                      ; NONE                 ; Untyped                           ;
; WRCONTROL_ACLR_B                   ; NONE                 ; Untyped                           ;
; ADDRESS_ACLR_B                     ; NONE                 ; Untyped                           ;
; OUTDATA_ACLR_B                     ; NONE                 ; Untyped                           ;
; RDCONTROL_ACLR_B                   ; NONE                 ; Untyped                           ;
; BYTEENA_ACLR_B                     ; NONE                 ; Untyped                           ;
; WIDTH_BYTEENA_A                    ; 1                    ; Untyped                           ;
; WIDTH_BYTEENA_B                    ; 1                    ; Untyped                           ;
; RAM_BLOCK_TYPE                     ; AUTO                 ; Untyped                           ;
; BYTE_SIZE                          ; 8                    ; Untyped                           ;
; READ_DURING_WRITE_MODE_MIXED_PORTS ; OLD_DATA             ; Untyped                           ;
; READ_DURING_WRITE_MODE_PORT_A      ; NEW_DATA_NO_NBE_READ ; Untyped                           ;
; READ_DURING_WRITE_MODE_PORT_B      ; NEW_DATA_NO_NBE_READ ; Untyped                           ;
; INIT_FILE                          ; UNUSED               ; Untyped                           ;
; INIT_FILE_LAYOUT                   ; PORT_A               ; Untyped                           ;
; MAXIMUM_DEPTH                      ; 0                    ; Untyped                           ;
; CLOCK_ENABLE_INPUT_A               ; NORMAL               ; Untyped                           ;
; CLOCK_ENABLE_INPUT_B               ; NORMAL               ; Untyped                           ;
; CLOCK_ENABLE_OUTPUT_A              ; NORMAL               ; Untyped                           ;
; CLOCK_ENABLE_OUTPUT_B              ; NORMAL               ; Untyped                           ;
; CLOCK_ENABLE_CORE_A                ; USE_INPUT_CLKEN      ; Untyped                           ;
; CLOCK_ENABLE_CORE_B                ; USE_INPUT_CLKEN      ; Untyped                           ;
; ENABLE_ECC                         ; FALSE                ; Untyped                           ;
; ECC_PIPELINE_STAGE_ENABLED         ; FALSE                ; Untyped                           ;
; WIDTH_ECCSTATUS                    ; 3                    ; Untyped                           ;
; DEVICE_FAMILY                      ; MAX 10               ; Untyped                           ;
; CBXI_PARAMETER                     ; altsyncram_fmh1      ; Untyped                           ;
+------------------------------------+----------------------+-----------------------------------+
Note: In order to hide this table in the UI and the text report file, please set the "Show Parameter Settings in Synthesis Report" option in "Analysis and Synthesis Settings -> More Settings" to "Off".


+------------------------------------------------------------------------------------------+
; altsyncram Parameter Settings by Entity Instance                                         ;
+-------------------------------------------+----------------------------------------------+
; Name                                      ; Value                                        ;
+-------------------------------------------+----------------------------------------------+
; Number of entity instances                ; 1                                            ;
; Entity Instance                           ; ring_buffer:Data_Memory|altsyncram:ram_rtl_0 ;
;     -- OPERATION_MODE                     ; DUAL_PORT                                    ;
;     -- WIDTH_A                            ; 16                                           ;
;     -- NUMWORDS_A                         ; 32                                           ;
;     -- OUTDATA_REG_A                      ; UNREGISTERED                                 ;
;     -- WIDTH_B                            ; 16                                           ;
;     -- NUMWORDS_B                         ; 32                                           ;
;     -- ADDRESS_REG_B                      ; CLOCK0                                       ;
;     -- OUTDATA_REG_B                      ; UNREGISTERED                                 ;
;     -- RAM_BLOCK_TYPE                     ; AUTO                                         ;
;     -- READ_DURING_WRITE_MODE_MIXED_PORTS ; OLD_DATA                                     ;
+-------------------------------------------+----------------------------------------------+


+----------------------------------------------------------------------------------------------------------------------+
; Port Connectivity Checks: "ring_buffer:Data_Memory"                                                                  ;
+------------+--------+----------+-------------------------------------------------------------------------------------+
; Port       ; Type   ; Severity ; Details                                                                             ;
+------------+--------+----------+-------------------------------------------------------------------------------------+
; rst        ; Input  ; Info     ; Stuck at GND                                                                        ;
; rd_valid   ; Output ; Info     ; Connected to dangling logic. Logic that only feeds a dangling port will be removed. ;
; empty      ; Output ; Info     ; Connected to dangling logic. Logic that only feeds a dangling port will be removed. ;
; empty_next ; Output ; Info     ; Connected to dangling logic. Logic that only feeds a dangling port will be removed. ;
; full       ; Output ; Info     ; Connected to dangling logic. Logic that only feeds a dangling port will be removed. ;
; full_next  ; Output ; Info     ; Connected to dangling logic. Logic that only feeds a dangling port will be removed. ;
; fill_count ; Output ; Info     ; Connected to dangling logic. Logic that only feeds a dangling port will be removed. ;
+------------+--------+----------+-------------------------------------------------------------------------------------+


+---------------------------------------------------------------------------------------------------------------+
; Port Connectivity Checks: "datapath:DP|ALU:Arithmetic_Unit|shifter:Shift|shift_eight:eight|mux_2x1_16bit:mux" ;
+----------+-------+----------+---------------------------------------------------------------------------------+
; Port     ; Type  ; Severity ; Details                                                                         ;
+----------+-------+----------+---------------------------------------------------------------------------------+
; i1[7..0] ; Input ; Info     ; Stuck at GND                                                                    ;
+----------+-------+----------+---------------------------------------------------------------------------------+


+-------------------------------------------------------------------------------------------------------------+
; Port Connectivity Checks: "datapath:DP|ALU:Arithmetic_Unit|shifter:Shift|shift_four:four|mux_2x1_16bit:mux" ;
+----------+-------+----------+-------------------------------------------------------------------------------+
; Port     ; Type  ; Severity ; Details                                                                       ;
+----------+-------+----------+-------------------------------------------------------------------------------+
; i1[3..0] ; Input ; Info     ; Stuck at GND                                                                  ;
+----------+-------+----------+-------------------------------------------------------------------------------+


+-----------------------------------------------------------------------------------------------------------+
; Port Connectivity Checks: "datapath:DP|ALU:Arithmetic_Unit|shifter:Shift|shift_two:two|mux_2x1_16bit:mux" ;
+----------+-------+----------+-----------------------------------------------------------------------------+
; Port     ; Type  ; Severity ; Details                                                                     ;
+----------+-------+----------+-----------------------------------------------------------------------------+
; i1[1..0] ; Input ; Info     ; Stuck at GND                                                                ;
+----------+-------+----------+-----------------------------------------------------------------------------+


+---------------------------------------------------------------------------------------------------------------------------------------+
; Port Connectivity Checks: "datapath:DP|ALU:Arithmetic_Unit|kogge_stone_adder_subtractor:Adder|kogge_stone:kogge|postprocessing:inst8" ;
+----------+--------+----------+--------------------------------------------------------------------------------------------------------+
; Port     ; Type   ; Severity ; Details                                                                                                ;
+----------+--------+----------+--------------------------------------------------------------------------------------------------------+
; c[15..1] ; Output ; Info     ; Connected to dangling logic. Logic that only feeds a dangling port will be removed.                    ;
+----------+--------+----------+--------------------------------------------------------------------------------------------------------+


+----------------------------------------------------------------------------------------------------------------+
; Port Connectivity Checks: "datapath:DP|ALU:Arithmetic_Unit|kogge_stone_adder_subtractor:Adder"                 ;
+------+--------+----------+-------------------------------------------------------------------------------------+
; Port ; Type   ; Severity ; Details                                                                             ;
+------+--------+----------+-------------------------------------------------------------------------------------+
; cout ; Output ; Info     ; Connected to dangling logic. Logic that only feeds a dangling port will be removed. ;
+------+--------+----------+-------------------------------------------------------------------------------------+


+------------------------------------------------------------------------------------------------------------------------+
; Port Connectivity Checks: "datapath:DP|ALU:Arithmetic_Unit|multiplier:Multiplier_entity|sixteen_bit_full_adder:inst17" ;
+------+--------+----------+---------------------------------------------------------------------------------------------+
; Port ; Type   ; Severity ; Details                                                                                     ;
+------+--------+----------+---------------------------------------------------------------------------------------------+
; m    ; Input  ; Info     ; Stuck at GND                                                                                ;
; cout ; Output ; Info     ; Connected to dangling logic. Logic that only feeds a dangling port will be removed.         ;
+------+--------+----------+---------------------------------------------------------------------------------------------+


+------------------------------------------------------------------------------------------------------------------------+
; Port Connectivity Checks: "datapath:DP|ALU:Arithmetic_Unit|multiplier:Multiplier_entity|sixteen_bit_full_adder:inst16" ;
+------+--------+----------+---------------------------------------------------------------------------------------------+
; Port ; Type   ; Severity ; Details                                                                                     ;
+------+--------+----------+---------------------------------------------------------------------------------------------+
; m    ; Input  ; Info     ; Stuck at GND                                                                                ;
; cout ; Output ; Info     ; Connected to dangling logic. Logic that only feeds a dangling port will be removed.         ;
+------+--------+----------+---------------------------------------------------------------------------------------------+


+------------------------------------------------------------------------------------------------------------------------+
; Port Connectivity Checks: "datapath:DP|ALU:Arithmetic_Unit|multiplier:Multiplier_entity|sixteen_bit_full_adder:inst15" ;
+------+--------+----------+---------------------------------------------------------------------------------------------+
; Port ; Type   ; Severity ; Details                                                                                     ;
+------+--------+----------+---------------------------------------------------------------------------------------------+
; m    ; Input  ; Info     ; Stuck at GND                                                                                ;
; cout ; Output ; Info     ; Connected to dangling logic. Logic that only feeds a dangling port will be removed.         ;
+------+--------+----------+---------------------------------------------------------------------------------------------+


+-----------------------------------------------------------------------------------------------------------+
; Port Connectivity Checks: "datapath:DP|ALU:Arithmetic_Unit|multiplier:Multiplier_entity|shift_one:inst14" ;
+------+-------+----------+---------------------------------------------------------------------------------+
; Port ; Type  ; Severity ; Details                                                                         ;
+------+-------+----------+---------------------------------------------------------------------------------+
; en   ; Input ; Info     ; Stuck at VCC                                                                    ;
+------+-------+----------+---------------------------------------------------------------------------------+


+-----------------------------------------------------------------------------------------------------------+
; Port Connectivity Checks: "datapath:DP|ALU:Arithmetic_Unit|multiplier:Multiplier_entity|shift_one:inst13" ;
+------+-------+----------+---------------------------------------------------------------------------------+
; Port ; Type  ; Severity ; Details                                                                         ;
+------+-------+----------+---------------------------------------------------------------------------------+
; en   ; Input ; Info     ; Stuck at VCC                                                                    ;
+------+-------+----------+---------------------------------------------------------------------------------+


+-----------------------------------------------------------------------------------------------------------+
; Port Connectivity Checks: "datapath:DP|ALU:Arithmetic_Unit|multiplier:Multiplier_entity|shift_one:inst12" ;
+------+-------+----------+---------------------------------------------------------------------------------+
; Port ; Type  ; Severity ; Details                                                                         ;
+------+-------+----------+---------------------------------------------------------------------------------+
; en   ; Input ; Info     ; Stuck at VCC                                                                    ;
+------+-------+----------+---------------------------------------------------------------------------------+


+-----------------------------------------------------------------------------------------------------------+
; Port Connectivity Checks: "datapath:DP|ALU:Arithmetic_Unit|multiplier:Multiplier_entity|shift_one:inst11" ;
+------+-------+----------+---------------------------------------------------------------------------------+
; Port ; Type  ; Severity ; Details                                                                         ;
+------+-------+----------+---------------------------------------------------------------------------------+
; en   ; Input ; Info     ; Stuck at VCC                                                                    ;
+------+-------+----------+---------------------------------------------------------------------------------+


+-----------------------------------------------------------------------------------------------------------+
; Port Connectivity Checks: "datapath:DP|ALU:Arithmetic_Unit|multiplier:Multiplier_entity|shift_one:inst10" ;
+------+-------+----------+---------------------------------------------------------------------------------+
; Port ; Type  ; Severity ; Details                                                                         ;
+------+-------+----------+---------------------------------------------------------------------------------+
; en   ; Input ; Info     ; Stuck at VCC                                                                    ;
+------+-------+----------+---------------------------------------------------------------------------------+


+----------------------------------------------------------------------------------------------------------+
; Port Connectivity Checks: "datapath:DP|ALU:Arithmetic_Unit|multiplier:Multiplier_entity|shift_one:inst9" ;
+------+-------+----------+--------------------------------------------------------------------------------+
; Port ; Type  ; Severity ; Details                                                                        ;
+------+-------+----------+--------------------------------------------------------------------------------+
; en   ; Input ; Info     ; Stuck at VCC                                                                   ;
+------+-------+----------+--------------------------------------------------------------------------------+


+----------------------------------------------------------------------------------------------------------------+
; Port Connectivity Checks: "datapath:DP|sixteen_bit_full_adder:Nxt_Address_Adder"                               ;
+------+--------+----------+-------------------------------------------------------------------------------------+
; Port ; Type   ; Severity ; Details                                                                             ;
+------+--------+----------+-------------------------------------------------------------------------------------+
; m    ; Input  ; Info     ; Stuck at GND                                                                        ;
; cout ; Output ; Info     ; Connected to dangling logic. Logic that only feeds a dangling port will be removed. ;
+------+--------+----------+-------------------------------------------------------------------------------------+


+-------------------------------------------------------------------------------------+
; Port Connectivity Checks: "datapath:DP|shift_one:Multiply_two_SE|mux_2x1_16bit:mux" ;
+-------+-------+----------+----------------------------------------------------------+
; Port  ; Type  ; Severity ; Details                                                  ;
+-------+-------+----------+----------------------------------------------------------+
; i1[0] ; Input ; Info     ; Stuck at GND                                             ;
+-------+-------+----------+----------------------------------------------------------+


+-------------------------------------------------------------------+
; Port Connectivity Checks: "datapath:DP|shift_one:Multiply_two_SE" ;
+------+-------+----------+-----------------------------------------+
; Port ; Type  ; Severity ; Details                                 ;
+------+-------+----------+-----------------------------------------+
; en   ; Input ; Info     ; Stuck at VCC                            ;
+------+-------+----------+-----------------------------------------+


+-------------------------------------------------------------------------------------------------------------------------------------+
; Port Connectivity Checks: "datapath:DP|register_file:RF"                                                                            ;
+------+--------+----------+----------------------------------------------------------------------------------------------------------+
; Port ; Type   ; Severity ; Details                                                                                                  ;
+------+--------+----------+----------------------------------------------------------------------------------------------------------+
; reg0 ; Output ; Warning  ; Declared by entity but not connected by instance. Logic that only feeds a dangling port will be removed. ;
; reg1 ; Output ; Warning  ; Declared by entity but not connected by instance. Logic that only feeds a dangling port will be removed. ;
; reg2 ; Output ; Warning  ; Declared by entity but not connected by instance. Logic that only feeds a dangling port will be removed. ;
+------+--------+----------+----------------------------------------------------------------------------------------------------------+


+--------------------------------------------------------------------------------------------------------------------+
; Port Connectivity Checks: "datapath:DP|sixteen_bit_full_adder:Incrementer"                                         ;
+----------+--------+----------+-------------------------------------------------------------------------------------+
; Port     ; Type   ; Severity ; Details                                                                             ;
+----------+--------+----------+-------------------------------------------------------------------------------------+
; m        ; Input  ; Info     ; Stuck at GND                                                                        ;
; b[15..1] ; Input  ; Info     ; Stuck at GND                                                                        ;
; b[0]     ; Input  ; Info     ; Stuck at VCC                                                                        ;
; cout     ; Output ; Info     ; Connected to dangling logic. Logic that only feeds a dangling port will be removed. ;
+----------+--------+----------+-------------------------------------------------------------------------------------+


+----------------------------------------------------------------------------------------------------------------------+
; Port Connectivity Checks: "datapath:DP|pipo_register:PC_Store_Reg"                                                   ;
+------------+--------+----------+-------------------------------------------------------------------------------------+
; Port       ; Type   ; Severity ; Details                                                                             ;
+------------+--------+----------+-------------------------------------------------------------------------------------+
; dout[8..0] ; Output ; Info     ; Connected to dangling logic. Logic that only feeds a dangling port will be removed. ;
+------------+--------+----------+-------------------------------------------------------------------------------------+


+------------------------------------------------------------------------------------------------------------------------+
; Port Connectivity Checks: "datapath:DP|pipo_register:IR_Reg"                                                           ;
+--------------+--------+----------+-------------------------------------------------------------------------------------+
; Port         ; Type   ; Severity ; Details                                                                             ;
+--------------+--------+----------+-------------------------------------------------------------------------------------+
; dout[15..12] ; Output ; Info     ; Connected to dangling logic. Logic that only feeds a dangling port will be removed. ;
+--------------+--------+----------+-------------------------------------------------------------------------------------+


+-----------------------------------------------------+
; Post-Synthesis Netlist Statistics for Top Partition ;
+-----------------------+-----------------------------+
; Type                  ; Count                       ;
+-----------------------+-----------------------------+
; boundary_port         ; 103                         ;
; cycloneiii_ff         ; 419                         ;
;     ENA               ; 133                         ;
;     ENA CLR           ; 220                         ;
;     ENA CLR SLD       ; 32                          ;
;     ENA SCLR          ; 7                           ;
;     SCLR              ; 2                           ;
;     plain             ; 25                          ;
; cycloneiii_lcell_comb ; 789                         ;
;     arith             ; 35                          ;
;         2 data inputs ; 35                          ;
;     normal            ; 754                         ;
;         1 data inputs ; 6                           ;
;         2 data inputs ; 49                          ;
;         3 data inputs ; 298                         ;
;         4 data inputs ; 401                         ;
; cycloneiii_ram_block  ; 16                          ;
;                       ;                             ;
; Max LUT depth         ; 17.00                       ;
; Average LUT depth     ; 4.13                        ;
+-----------------------+-----------------------------+


+-------------------------------+
; Elapsed Time Per Partition    ;
+----------------+--------------+
; Partition Name ; Elapsed Time ;
+----------------+--------------+
; Top            ; 00:00:02     ;
+----------------+--------------+


+-------------------------------+
; Analysis & Synthesis Messages ;
+-------------------------------+
Info: *******************************************************************
Info: Running Quartus Prime Analysis & Synthesis
    Info: Version 18.1.0 Build 625 09/12/2018 SJ Lite Edition
    Info: Processing started: Fri May 02 02:00:09 2025
Info: Command: quartus_map --read_settings_files=on --write_settings_files=off PDF_CPU -c PDF_CPU
Warning (18236): Number of processors has not been specified which may cause overloading on shared machines.  Set the global assignment NUM_PARALLEL_PROCESSORS in your QSF to an appropriate value for best performance.
Info (20030): Parallel compilation is enabled and will use 10 of the 10 processors detected
Info (12021): Found 17 design units, including 8 entities, in source file gates.vhdl
    Info (12022): Found design unit 1: Gates File: E:/Semester_4/Microprocessor_Project/Gates.vhdl Line: 7
    Info (12022): Found design unit 2: INVERTER-Equations File: E:/Semester_4/Microprocessor_Project/Gates.vhdl Line: 49
    Info (12022): Found design unit 3: AND_2-Equations File: E:/Semester_4/Microprocessor_Project/Gates.vhdl Line: 61
    Info (12022): Found design unit 4: NAND_2-Equations File: E:/Semester_4/Microprocessor_Project/Gates.vhdl Line: 72
    Info (12022): Found design unit 5: OR_2-Equations File: E:/Semester_4/Microprocessor_Project/Gates.vhdl Line: 83
    Info (12022): Found design unit 6: NOR_2-Equations File: E:/Semester_4/Microprocessor_Project/Gates.vhdl Line: 94
    Info (12022): Found design unit 7: XOR_2-Equations File: E:/Semester_4/Microprocessor_Project/Gates.vhdl Line: 106
    Info (12022): Found design unit 8: XNOR_2-Equations File: E:/Semester_4/Microprocessor_Project/Gates.vhdl Line: 117
    Info (12022): Found design unit 9: HALF_ADDER-Equations File: E:/Semester_4/Microprocessor_Project/Gates.vhdl Line: 128
    Info (12023): Found entity 1: INVERTER File: E:/Semester_4/Microprocessor_Project/Gates.vhdl Line: 45
    Info (12023): Found entity 2: AND_2 File: E:/Semester_4/Microprocessor_Project/Gates.vhdl Line: 57
    Info (12023): Found entity 3: NAND_2 File: E:/Semester_4/Microprocessor_Project/Gates.vhdl Line: 68
    Info (12023): Found entity 4: OR_2 File: E:/Semester_4/Microprocessor_Project/Gates.vhdl Line: 79
    Info (12023): Found entity 5: NOR_2 File: E:/Semester_4/Microprocessor_Project/Gates.vhdl Line: 90
    Info (12023): Found entity 6: XOR_2 File: E:/Semester_4/Microprocessor_Project/Gates.vhdl Line: 102
    Info (12023): Found entity 7: XNOR_2 File: E:/Semester_4/Microprocessor_Project/Gates.vhdl Line: 113
    Info (12023): Found entity 8: HALF_ADDER File: E:/Semester_4/Microprocessor_Project/Gates.vhdl Line: 124
Info (12021): Found 2 design units, including 1 entities, in source file shift_eight.vhd
    Info (12022): Found design unit 1: shift_eight-design File: E:/Semester_4/Microprocessor_Project/shift_eight.vhd Line: 12
    Info (12023): Found entity 1: shift_eight File: E:/Semester_4/Microprocessor_Project/shift_eight.vhd Line: 4
Info (12021): Found 2 design units, including 1 entities, in source file 8_x_1_mux_16_bit.vhd
    Info (12022): Found design unit 1: mux_8x1_16bit-beh File: E:/Semester_4/Microprocessor_Project/8_X_1_Mux_16_Bit.vhd Line: 11
    Info (12023): Found entity 1: mux_8x1_16bit File: E:/Semester_4/Microprocessor_Project/8_X_1_Mux_16_Bit.vhd Line: 5
Info (12021): Found 2 design units, including 1 entities, in source file 8_x_1_demux_16_bit.vhd
    Info (12022): Found design unit 1: demux_8x1_16bit-beh File: E:/Semester_4/Microprocessor_Project/8_X_1_Demux_16_Bit.vhd Line: 11
    Info (12023): Found entity 1: demux_8x1_16bit File: E:/Semester_4/Microprocessor_Project/8_X_1_Demux_16_Bit.vhd Line: 5
Info (12021): Found 2 design units, including 1 entities, in source file register_file.vhd
    Info (12022): Found design unit 1: register_file-str File: E:/Semester_4/Microprocessor_Project/Register_File.vhd Line: 12
    Info (12023): Found entity 1: register_file File: E:/Semester_4/Microprocessor_Project/Register_File.vhd Line: 4
Info (12021): Found 2 design units, including 1 entities, in source file zero_padding.vhd
    Info (12022): Found design unit 1: zero_padding-struct File: E:/Semester_4/Microprocessor_Project/zero_padding.vhd Line: 13
    Info (12023): Found entity 1: zero_padding File: E:/Semester_4/Microprocessor_Project/zero_padding.vhd Line: 6
Info (12021): Found 2 design units, including 1 entities, in source file sixteen_bit_full_adder.vhd
    Info (12022): Found design unit 1: sixteen_bit_full_adder-struct File: E:/Semester_4/Microprocessor_Project/sixteen_bit_full_adder.vhd Line: 14
    Info (12023): Found entity 1: sixteen_bit_full_adder File: E:/Semester_4/Microprocessor_Project/sixteen_bit_full_adder.vhd Line: 6
Info (12021): Found 2 design units, including 1 entities, in source file shift_one.vhd
    Info (12022): Found design unit 1: shift_one-struct File: E:/Semester_4/Microprocessor_Project/shift_one.vhd Line: 12
    Info (12023): Found entity 1: shift_one File: E:/Semester_4/Microprocessor_Project/shift_one.vhd Line: 4
Info (12021): Found 2 design units, including 1 entities, in source file multiplier.vhd
    Info (12022): Found design unit 1: multiplier-struct File: E:/Semester_4/Microprocessor_Project/Multiplier.vhd Line: 12
    Info (12023): Found entity 1: multiplier File: E:/Semester_4/Microprocessor_Project/Multiplier.vhd Line: 6
Info (12021): Found 2 design units, including 1 entities, in source file full_adder.vhd
    Info (12022): Found design unit 1: full_adder-struct File: E:/Semester_4/Microprocessor_Project/full_adder.vhd Line: 12
    Info (12023): Found entity 1: full_adder File: E:/Semester_4/Microprocessor_Project/full_adder.vhd Line: 6
Info (12021): Found 2 design units, including 1 entities, in source file preprocessing.vhd
    Info (12022): Found design unit 1: preprocessing-behav File: E:/Semester_4/Microprocessor_Project/preprocessing.vhd Line: 12
    Info (12023): Found entity 1: preprocessing File: E:/Semester_4/Microprocessor_Project/preprocessing.vhd Line: 5
Info (12021): Found 2 design units, including 1 entities, in source file postprocessing.vhd
    Info (12022): Found design unit 1: postprocessing-behav File: E:/Semester_4/Microprocessor_Project/postprocessing.vhd Line: 14
    Info (12023): Found entity 1: postprocessing File: E:/Semester_4/Microprocessor_Project/postprocessing.vhd Line: 5
Info (12021): Found 2 design units, including 1 entities, in source file pipo_register.vhd
    Info (12022): Found design unit 1: pipo_register-ha File: E:/Semester_4/Microprocessor_Project/PIPO_Register.vhd Line: 10
    Info (12023): Found entity 1: pipo_register File: E:/Semester_4/Microprocessor_Project/PIPO_Register.vhd Line: 4
Info (12021): Found 2 design units, including 1 entities, in source file kogge_stone_node.vhd
    Info (12022): Found design unit 1: kogge_stone_node-struct File: E:/Semester_4/Microprocessor_Project/kogge_stone_node.vhd Line: 12
    Info (12023): Found entity 1: kogge_stone_node File: E:/Semester_4/Microprocessor_Project/kogge_stone_node.vhd Line: 5
Info (12021): Found 2 design units, including 1 entities, in source file kogge_stone_adder_subtractor.vhd
    Info (12022): Found design unit 1: kogge_stone_adder_subtractor-str File: E:/Semester_4/Microprocessor_Project/Kogge_stone_adder_subtractor.vhd Line: 14
    Info (12023): Found entity 1: kogge_stone_adder_subtractor File: E:/Semester_4/Microprocessor_Project/Kogge_stone_adder_subtractor.vhd Line: 5
Info (12021): Found 2 design units, including 1 entities, in source file kogge_stone.vhd
    Info (12022): Found design unit 1: kogge_stone-behav File: E:/Semester_4/Microprocessor_Project/kogge_stone.vhd Line: 15
    Info (12023): Found entity 1: kogge_stone File: E:/Semester_4/Microprocessor_Project/kogge_stone.vhd Line: 5
Info (12021): Found 2 design units, including 1 entities, in source file d_flip_flop.vhd
    Info (12022): Found design unit 1: d_ff-beh File: E:/Semester_4/Microprocessor_Project/D_Flip_Flop.vhd Line: 9
    Info (12023): Found entity 1: d_ff File: E:/Semester_4/Microprocessor_Project/D_Flip_Flop.vhd Line: 4
Info (12021): Found 2 design units, including 1 entities, in source file 4_x_1_mux_16_bit.vhd
    Info (12022): Found design unit 1: mux_4x1_16bit-beh File: E:/Semester_4/Microprocessor_Project/4_X_1_Mux_16_bit.vhd Line: 11
    Info (12023): Found entity 1: mux_4x1_16bit File: E:/Semester_4/Microprocessor_Project/4_X_1_Mux_16_bit.vhd Line: 5
Info (12021): Found 2 design units, including 1 entities, in source file 2_x_1_mux_16_bit.vhd
    Info (12022): Found design unit 1: mux_2x1_16bit-beh File: E:/Semester_4/Microprocessor_Project/2_X_1_Mux_16_Bit.vhd Line: 10
    Info (12023): Found entity 1: mux_2x1_16bit File: E:/Semester_4/Microprocessor_Project/2_X_1_Mux_16_Bit.vhd Line: 4
Info (12021): Found 2 design units, including 1 entities, in source file 2_x_1_mux.vhd
    Info (12022): Found design unit 1: mux_2x1-beh File: E:/Semester_4/Microprocessor_Project/2_X_1_Mux.vhd Line: 10
    Info (12023): Found entity 1: mux_2x1 File: E:/Semester_4/Microprocessor_Project/2_X_1_Mux.vhd Line: 4
Info (12021): Found 2 design units, including 1 entities, in source file datapath.vhd
    Info (12022): Found design unit 1: datapath-beh File: E:/Semester_4/Microprocessor_Project/Datapath.vhd Line: 18
    Info (12023): Found entity 1: datapath File: E:/Semester_4/Microprocessor_Project/Datapath.vhd Line: 5
Info (12021): Found 2 design units, including 1 entities, in source file alu.vhd
    Info (12022): Found design unit 1: ALU-str File: E:/Semester_4/Microprocessor_Project/ALU.vhd Line: 10
    Info (12023): Found entity 1: ALU File: E:/Semester_4/Microprocessor_Project/ALU.vhd Line: 4
Info (12021): Found 2 design units, including 1 entities, in source file shift_four.vhd
    Info (12022): Found design unit 1: shift_four-design File: E:/Semester_4/Microprocessor_Project/shift_four.vhd Line: 12
    Info (12023): Found entity 1: shift_four File: E:/Semester_4/Microprocessor_Project/shift_four.vhd Line: 4
Info (12021): Found 2 design units, including 1 entities, in source file shift_two.vhd
    Info (12022): Found design unit 1: shift_two-design File: E:/Semester_4/Microprocessor_Project/shift_two.vhd Line: 12
    Info (12023): Found entity 1: shift_two File: E:/Semester_4/Microprocessor_Project/shift_two.vhd Line: 4
Info (12021): Found 2 design units, including 1 entities, in source file shifter.vhd
    Info (12022): Found design unit 1: shifter-design File: E:/Semester_4/Microprocessor_Project/Shifter.vhd Line: 13
    Info (12023): Found entity 1: shifter File: E:/Semester_4/Microprocessor_Project/Shifter.vhd Line: 5
Info (12021): Found 2 design units, including 1 entities, in source file pipo_register_3_bit.vhd
    Info (12022): Found design unit 1: pipo_register_3_bit-ha File: E:/Semester_4/Microprocessor_Project/PIPO_Register_3_Bit.vhd Line: 10
    Info (12023): Found entity 1: pipo_register_3_bit File: E:/Semester_4/Microprocessor_Project/PIPO_Register_3_Bit.vhd Line: 4
Info (12021): Found 2 design units, including 1 entities, in source file 2_x_1_mux_3_bit.vhd
    Info (12022): Found design unit 1: mux_2x1_3bit-beh File: E:/Semester_4/Microprocessor_Project/2_X_1_Mux_3_Bit.vhd Line: 10
    Info (12023): Found entity 1: mux_2x1_3bit File: E:/Semester_4/Microprocessor_Project/2_X_1_Mux_3_Bit.vhd Line: 4
Info (12021): Found 2 design units, including 1 entities, in source file controlpath.vhd
    Info (12022): Found design unit 1: Controlpath-cpuArch File: E:/Semester_4/Microprocessor_Project/Controlpath.vhd Line: 18
    Info (12023): Found entity 1: Controlpath File: E:/Semester_4/Microprocessor_Project/Controlpath.vhd Line: 7
Info (12021): Found 2 design units, including 1 entities, in source file data_memory.vhd
    Info (12022): Found design unit 1: ring_buffer-rtl File: E:/Semester_4/Microprocessor_Project/Data_Memory.vhd Line: 34
    Info (12023): Found entity 1: ring_buffer File: E:/Semester_4/Microprocessor_Project/Data_Memory.vhd Line: 4
Info (12021): Found 2 design units, including 1 entities, in source file pdf_cpu.vhd
    Info (12022): Found design unit 1: PDF_CPU-pdf File: E:/Semester_4/Microprocessor_Project/PDF_CPU.vhd Line: 14
    Info (12023): Found entity 1: PDF_CPU File: E:/Semester_4/Microprocessor_Project/PDF_CPU.vhd Line: 5
Info (12021): Found 2 design units, including 1 entities, in source file testbench.vhd
    Info (12022): Found design unit 1: CPU_testbench-behav File: E:/Semester_4/Microprocessor_Project/Testbench.vhd Line: 8
    Info (12023): Found entity 1: CPU_testbench File: E:/Semester_4/Microprocessor_Project/Testbench.vhd Line: 5
Info (12021): Found 2 design units, including 1 entities, in source file 8_x_1_demux_1_bit.vhd
    Info (12022): Found design unit 1: demux_8x1_1bit-beh File: E:/Semester_4/Microprocessor_Project/8_X_1_Demux_1_Bit.vhd Line: 12
    Info (12023): Found entity 1: demux_8x1_1bit File: E:/Semester_4/Microprocessor_Project/8_X_1_Demux_1_Bit.vhd Line: 4
Info (12127): Elaborating entity "PDF_CPU" for the top level hierarchy
Info (12128): Elaborating entity "datapath" for hierarchy "datapath:DP" File: E:/Semester_4/Microprocessor_Project/PDF_CPU.vhd Line: 69
Info (12128): Elaborating entity "pipo_register" for hierarchy "datapath:DP|pipo_register:PC_Reg" File: E:/Semester_4/Microprocessor_Project/Datapath.vhd Line: 86
Info (12128): Elaborating entity "d_ff" for hierarchy "datapath:DP|pipo_register:PC_Reg|d_ff:\gen_dff:15:dffi" File: E:/Semester_4/Microprocessor_Project/PIPO_Register.vhd Line: 25
Info (12128): Elaborating entity "mux_2x1" for hierarchy "datapath:DP|pipo_register:PC_Reg|mux_2x1:\gen_mux:15:muxi" File: E:/Semester_4/Microprocessor_Project/PIPO_Register.vhd Line: 29
Info (12128): Elaborating entity "sixteen_bit_full_adder" for hierarchy "datapath:DP|sixteen_bit_full_adder:Incrementer" File: E:/Semester_4/Microprocessor_Project/Datapath.vhd Line: 94
Info (12128): Elaborating entity "XOR_2" for hierarchy "datapath:DP|sixteen_bit_full_adder:Incrementer|XOR_2:\for_add:0:inst1" File: E:/Semester_4/Microprocessor_Project/sixteen_bit_full_adder.vhd Line: 23
Info (12128): Elaborating entity "full_adder" for hierarchy "datapath:DP|sixteen_bit_full_adder:Incrementer|full_adder:inst2" File: E:/Semester_4/Microprocessor_Project/sixteen_bit_full_adder.vhd Line: 26
Info (12128): Elaborating entity "NAND_2" for hierarchy "datapath:DP|sixteen_bit_full_adder:Incrementer|full_adder:inst2|NAND_2:inst3" File: E:/Semester_4/Microprocessor_Project/full_adder.vhd Line: 19
Info (12128): Elaborating entity "register_file" for hierarchy "datapath:DP|register_file:RF" File: E:/Semester_4/Microprocessor_Project/Datapath.vhd Line: 96
Info (12128): Elaborating entity "mux_8x1_16bit" for hierarchy "datapath:DP|register_file:RF|mux_8x1_16bit:mux1" File: E:/Semester_4/Microprocessor_Project/Register_File.vhd Line: 50
Info (12128): Elaborating entity "demux_8x1_16bit" for hierarchy "datapath:DP|register_file:RF|demux_8x1_16bit:demux3" File: E:/Semester_4/Microprocessor_Project/Register_File.vhd Line: 52
Warning (10631): VHDL Process Statement warning at 8_X_1_Demux_16_Bit.vhd(13): inferring latch(es) for signal or variable "Y0", which holds its previous value in one or more paths through the process File: E:/Semester_4/Microprocessor_Project/8_X_1_Demux_16_Bit.vhd Line: 13
Warning (10631): VHDL Process Statement warning at 8_X_1_Demux_16_Bit.vhd(13): inferring latch(es) for signal or variable "Y1", which holds its previous value in one or more paths through the process File: E:/Semester_4/Microprocessor_Project/8_X_1_Demux_16_Bit.vhd Line: 13
Warning (10631): VHDL Process Statement warning at 8_X_1_Demux_16_Bit.vhd(13): inferring latch(es) for signal or variable "Y2", which holds its previous value in one or more paths through the process File: E:/Semester_4/Microprocessor_Project/8_X_1_Demux_16_Bit.vhd Line: 13
Warning (10631): VHDL Process Statement warning at 8_X_1_Demux_16_Bit.vhd(13): inferring latch(es) for signal or variable "Y3", which holds its previous value in one or more paths through the process File: E:/Semester_4/Microprocessor_Project/8_X_1_Demux_16_Bit.vhd Line: 13
Warning (10631): VHDL Process Statement warning at 8_X_1_Demux_16_Bit.vhd(13): inferring latch(es) for signal or variable "Y4", which holds its previous value in one or more paths through the process File: E:/Semester_4/Microprocessor_Project/8_X_1_Demux_16_Bit.vhd Line: 13
Warning (10631): VHDL Process Statement warning at 8_X_1_Demux_16_Bit.vhd(13): inferring latch(es) for signal or variable "Y5", which holds its previous value in one or more paths through the process File: E:/Semester_4/Microprocessor_Project/8_X_1_Demux_16_Bit.vhd Line: 13
Warning (10631): VHDL Process Statement warning at 8_X_1_Demux_16_Bit.vhd(13): inferring latch(es) for signal or variable "Y6", which holds its previous value in one or more paths through the process File: E:/Semester_4/Microprocessor_Project/8_X_1_Demux_16_Bit.vhd Line: 13
Warning (10631): VHDL Process Statement warning at 8_X_1_Demux_16_Bit.vhd(13): inferring latch(es) for signal or variable "Y7", which holds its previous value in one or more paths through the process File: E:/Semester_4/Microprocessor_Project/8_X_1_Demux_16_Bit.vhd Line: 13
Info (10041): Inferred latch for "Y7[0]" at 8_X_1_Demux_16_Bit.vhd(13) File: E:/Semester_4/Microprocessor_Project/8_X_1_Demux_16_Bit.vhd Line: 13
Info (10041): Inferred latch for "Y7[1]" at 8_X_1_Demux_16_Bit.vhd(13) File: E:/Semester_4/Microprocessor_Project/8_X_1_Demux_16_Bit.vhd Line: 13
Info (10041): Inferred latch for "Y7[2]" at 8_X_1_Demux_16_Bit.vhd(13) File: E:/Semester_4/Microprocessor_Project/8_X_1_Demux_16_Bit.vhd Line: 13
Info (10041): Inferred latch for "Y7[3]" at 8_X_1_Demux_16_Bit.vhd(13) File: E:/Semester_4/Microprocessor_Project/8_X_1_Demux_16_Bit.vhd Line: 13
Info (10041): Inferred latch for "Y7[4]" at 8_X_1_Demux_16_Bit.vhd(13) File: E:/Semester_4/Microprocessor_Project/8_X_1_Demux_16_Bit.vhd Line: 13
Info (10041): Inferred latch for "Y7[5]" at 8_X_1_Demux_16_Bit.vhd(13) File: E:/Semester_4/Microprocessor_Project/8_X_1_Demux_16_Bit.vhd Line: 13
Info (10041): Inferred latch for "Y7[6]" at 8_X_1_Demux_16_Bit.vhd(13) File: E:/Semester_4/Microprocessor_Project/8_X_1_Demux_16_Bit.vhd Line: 13
Info (10041): Inferred latch for "Y7[7]" at 8_X_1_Demux_16_Bit.vhd(13) File: E:/Semester_4/Microprocessor_Project/8_X_1_Demux_16_Bit.vhd Line: 13
Info (10041): Inferred latch for "Y7[8]" at 8_X_1_Demux_16_Bit.vhd(13) File: E:/Semester_4/Microprocessor_Project/8_X_1_Demux_16_Bit.vhd Line: 13
Info (10041): Inferred latch for "Y7[9]" at 8_X_1_Demux_16_Bit.vhd(13) File: E:/Semester_4/Microprocessor_Project/8_X_1_Demux_16_Bit.vhd Line: 13
Info (10041): Inferred latch for "Y7[10]" at 8_X_1_Demux_16_Bit.vhd(13) File: E:/Semester_4/Microprocessor_Project/8_X_1_Demux_16_Bit.vhd Line: 13
Info (10041): Inferred latch for "Y7[11]" at 8_X_1_Demux_16_Bit.vhd(13) File: E:/Semester_4/Microprocessor_Project/8_X_1_Demux_16_Bit.vhd Line: 13
Info (10041): Inferred latch for "Y7[12]" at 8_X_1_Demux_16_Bit.vhd(13) File: E:/Semester_4/Microprocessor_Project/8_X_1_Demux_16_Bit.vhd Line: 13
Info (10041): Inferred latch for "Y7[13]" at 8_X_1_Demux_16_Bit.vhd(13) File: E:/Semester_4/Microprocessor_Project/8_X_1_Demux_16_Bit.vhd Line: 13
Info (10041): Inferred latch for "Y7[14]" at 8_X_1_Demux_16_Bit.vhd(13) File: E:/Semester_4/Microprocessor_Project/8_X_1_Demux_16_Bit.vhd Line: 13
Info (10041): Inferred latch for "Y7[15]" at 8_X_1_Demux_16_Bit.vhd(13) File: E:/Semester_4/Microprocessor_Project/8_X_1_Demux_16_Bit.vhd Line: 13
Info (10041): Inferred latch for "Y6[0]" at 8_X_1_Demux_16_Bit.vhd(13) File: E:/Semester_4/Microprocessor_Project/8_X_1_Demux_16_Bit.vhd Line: 13
Info (10041): Inferred latch for "Y6[1]" at 8_X_1_Demux_16_Bit.vhd(13) File: E:/Semester_4/Microprocessor_Project/8_X_1_Demux_16_Bit.vhd Line: 13
Info (10041): Inferred latch for "Y6[2]" at 8_X_1_Demux_16_Bit.vhd(13) File: E:/Semester_4/Microprocessor_Project/8_X_1_Demux_16_Bit.vhd Line: 13
Info (10041): Inferred latch for "Y6[3]" at 8_X_1_Demux_16_Bit.vhd(13) File: E:/Semester_4/Microprocessor_Project/8_X_1_Demux_16_Bit.vhd Line: 13
Info (10041): Inferred latch for "Y6[4]" at 8_X_1_Demux_16_Bit.vhd(13) File: E:/Semester_4/Microprocessor_Project/8_X_1_Demux_16_Bit.vhd Line: 13
Info (10041): Inferred latch for "Y6[5]" at 8_X_1_Demux_16_Bit.vhd(13) File: E:/Semester_4/Microprocessor_Project/8_X_1_Demux_16_Bit.vhd Line: 13
Info (10041): Inferred latch for "Y6[6]" at 8_X_1_Demux_16_Bit.vhd(13) File: E:/Semester_4/Microprocessor_Project/8_X_1_Demux_16_Bit.vhd Line: 13
Info (10041): Inferred latch for "Y6[7]" at 8_X_1_Demux_16_Bit.vhd(13) File: E:/Semester_4/Microprocessor_Project/8_X_1_Demux_16_Bit.vhd Line: 13
Info (10041): Inferred latch for "Y6[8]" at 8_X_1_Demux_16_Bit.vhd(13) File: E:/Semester_4/Microprocessor_Project/8_X_1_Demux_16_Bit.vhd Line: 13
Info (10041): Inferred latch for "Y6[9]" at 8_X_1_Demux_16_Bit.vhd(13) File: E:/Semester_4/Microprocessor_Project/8_X_1_Demux_16_Bit.vhd Line: 13
Info (10041): Inferred latch for "Y6[10]" at 8_X_1_Demux_16_Bit.vhd(13) File: E:/Semester_4/Microprocessor_Project/8_X_1_Demux_16_Bit.vhd Line: 13
Info (10041): Inferred latch for "Y6[11]" at 8_X_1_Demux_16_Bit.vhd(13) File: E:/Semester_4/Microprocessor_Project/8_X_1_Demux_16_Bit.vhd Line: 13
Info (10041): Inferred latch for "Y6[12]" at 8_X_1_Demux_16_Bit.vhd(13) File: E:/Semester_4/Microprocessor_Project/8_X_1_Demux_16_Bit.vhd Line: 13
Info (10041): Inferred latch for "Y6[13]" at 8_X_1_Demux_16_Bit.vhd(13) File: E:/Semester_4/Microprocessor_Project/8_X_1_Demux_16_Bit.vhd Line: 13
Info (10041): Inferred latch for "Y6[14]" at 8_X_1_Demux_16_Bit.vhd(13) File: E:/Semester_4/Microprocessor_Project/8_X_1_Demux_16_Bit.vhd Line: 13
Info (10041): Inferred latch for "Y6[15]" at 8_X_1_Demux_16_Bit.vhd(13) File: E:/Semester_4/Microprocessor_Project/8_X_1_Demux_16_Bit.vhd Line: 13
Info (10041): Inferred latch for "Y5[0]" at 8_X_1_Demux_16_Bit.vhd(13) File: E:/Semester_4/Microprocessor_Project/8_X_1_Demux_16_Bit.vhd Line: 13
Info (10041): Inferred latch for "Y5[1]" at 8_X_1_Demux_16_Bit.vhd(13) File: E:/Semester_4/Microprocessor_Project/8_X_1_Demux_16_Bit.vhd Line: 13
Info (10041): Inferred latch for "Y5[2]" at 8_X_1_Demux_16_Bit.vhd(13) File: E:/Semester_4/Microprocessor_Project/8_X_1_Demux_16_Bit.vhd Line: 13
Info (10041): Inferred latch for "Y5[3]" at 8_X_1_Demux_16_Bit.vhd(13) File: E:/Semester_4/Microprocessor_Project/8_X_1_Demux_16_Bit.vhd Line: 13
Info (10041): Inferred latch for "Y5[4]" at 8_X_1_Demux_16_Bit.vhd(13) File: E:/Semester_4/Microprocessor_Project/8_X_1_Demux_16_Bit.vhd Line: 13
Info (10041): Inferred latch for "Y5[5]" at 8_X_1_Demux_16_Bit.vhd(13) File: E:/Semester_4/Microprocessor_Project/8_X_1_Demux_16_Bit.vhd Line: 13
Info (10041): Inferred latch for "Y5[6]" at 8_X_1_Demux_16_Bit.vhd(13) File: E:/Semester_4/Microprocessor_Project/8_X_1_Demux_16_Bit.vhd Line: 13
Info (10041): Inferred latch for "Y5[7]" at 8_X_1_Demux_16_Bit.vhd(13) File: E:/Semester_4/Microprocessor_Project/8_X_1_Demux_16_Bit.vhd Line: 13
Info (10041): Inferred latch for "Y5[8]" at 8_X_1_Demux_16_Bit.vhd(13) File: E:/Semester_4/Microprocessor_Project/8_X_1_Demux_16_Bit.vhd Line: 13
Info (10041): Inferred latch for "Y5[9]" at 8_X_1_Demux_16_Bit.vhd(13) File: E:/Semester_4/Microprocessor_Project/8_X_1_Demux_16_Bit.vhd Line: 13
Info (10041): Inferred latch for "Y5[10]" at 8_X_1_Demux_16_Bit.vhd(13) File: E:/Semester_4/Microprocessor_Project/8_X_1_Demux_16_Bit.vhd Line: 13
Info (10041): Inferred latch for "Y5[11]" at 8_X_1_Demux_16_Bit.vhd(13) File: E:/Semester_4/Microprocessor_Project/8_X_1_Demux_16_Bit.vhd Line: 13
Info (10041): Inferred latch for "Y5[12]" at 8_X_1_Demux_16_Bit.vhd(13) File: E:/Semester_4/Microprocessor_Project/8_X_1_Demux_16_Bit.vhd Line: 13
Info (10041): Inferred latch for "Y5[13]" at 8_X_1_Demux_16_Bit.vhd(13) File: E:/Semester_4/Microprocessor_Project/8_X_1_Demux_16_Bit.vhd Line: 13
Info (10041): Inferred latch for "Y5[14]" at 8_X_1_Demux_16_Bit.vhd(13) File: E:/Semester_4/Microprocessor_Project/8_X_1_Demux_16_Bit.vhd Line: 13
Info (10041): Inferred latch for "Y5[15]" at 8_X_1_Demux_16_Bit.vhd(13) File: E:/Semester_4/Microprocessor_Project/8_X_1_Demux_16_Bit.vhd Line: 13
Info (10041): Inferred latch for "Y4[0]" at 8_X_1_Demux_16_Bit.vhd(13) File: E:/Semester_4/Microprocessor_Project/8_X_1_Demux_16_Bit.vhd Line: 13
Info (10041): Inferred latch for "Y4[1]" at 8_X_1_Demux_16_Bit.vhd(13) File: E:/Semester_4/Microprocessor_Project/8_X_1_Demux_16_Bit.vhd Line: 13
Info (10041): Inferred latch for "Y4[2]" at 8_X_1_Demux_16_Bit.vhd(13) File: E:/Semester_4/Microprocessor_Project/8_X_1_Demux_16_Bit.vhd Line: 13
Info (10041): Inferred latch for "Y4[3]" at 8_X_1_Demux_16_Bit.vhd(13) File: E:/Semester_4/Microprocessor_Project/8_X_1_Demux_16_Bit.vhd Line: 13
Info (10041): Inferred latch for "Y4[4]" at 8_X_1_Demux_16_Bit.vhd(13) File: E:/Semester_4/Microprocessor_Project/8_X_1_Demux_16_Bit.vhd Line: 13
Info (10041): Inferred latch for "Y4[5]" at 8_X_1_Demux_16_Bit.vhd(13) File: E:/Semester_4/Microprocessor_Project/8_X_1_Demux_16_Bit.vhd Line: 13
Info (10041): Inferred latch for "Y4[6]" at 8_X_1_Demux_16_Bit.vhd(13) File: E:/Semester_4/Microprocessor_Project/8_X_1_Demux_16_Bit.vhd Line: 13
Info (10041): Inferred latch for "Y4[7]" at 8_X_1_Demux_16_Bit.vhd(13) File: E:/Semester_4/Microprocessor_Project/8_X_1_Demux_16_Bit.vhd Line: 13
Info (10041): Inferred latch for "Y4[8]" at 8_X_1_Demux_16_Bit.vhd(13) File: E:/Semester_4/Microprocessor_Project/8_X_1_Demux_16_Bit.vhd Line: 13
Info (10041): Inferred latch for "Y4[9]" at 8_X_1_Demux_16_Bit.vhd(13) File: E:/Semester_4/Microprocessor_Project/8_X_1_Demux_16_Bit.vhd Line: 13
Info (10041): Inferred latch for "Y4[10]" at 8_X_1_Demux_16_Bit.vhd(13) File: E:/Semester_4/Microprocessor_Project/8_X_1_Demux_16_Bit.vhd Line: 13
Info (10041): Inferred latch for "Y4[11]" at 8_X_1_Demux_16_Bit.vhd(13) File: E:/Semester_4/Microprocessor_Project/8_X_1_Demux_16_Bit.vhd Line: 13
Info (10041): Inferred latch for "Y4[12]" at 8_X_1_Demux_16_Bit.vhd(13) File: E:/Semester_4/Microprocessor_Project/8_X_1_Demux_16_Bit.vhd Line: 13
Info (10041): Inferred latch for "Y4[13]" at 8_X_1_Demux_16_Bit.vhd(13) File: E:/Semester_4/Microprocessor_Project/8_X_1_Demux_16_Bit.vhd Line: 13
Info (10041): Inferred latch for "Y4[14]" at 8_X_1_Demux_16_Bit.vhd(13) File: E:/Semester_4/Microprocessor_Project/8_X_1_Demux_16_Bit.vhd Line: 13
Info (10041): Inferred latch for "Y4[15]" at 8_X_1_Demux_16_Bit.vhd(13) File: E:/Semester_4/Microprocessor_Project/8_X_1_Demux_16_Bit.vhd Line: 13
Info (10041): Inferred latch for "Y3[0]" at 8_X_1_Demux_16_Bit.vhd(13) File: E:/Semester_4/Microprocessor_Project/8_X_1_Demux_16_Bit.vhd Line: 13
Info (10041): Inferred latch for "Y3[1]" at 8_X_1_Demux_16_Bit.vhd(13) File: E:/Semester_4/Microprocessor_Project/8_X_1_Demux_16_Bit.vhd Line: 13
Info (10041): Inferred latch for "Y3[2]" at 8_X_1_Demux_16_Bit.vhd(13) File: E:/Semester_4/Microprocessor_Project/8_X_1_Demux_16_Bit.vhd Line: 13
Info (10041): Inferred latch for "Y3[3]" at 8_X_1_Demux_16_Bit.vhd(13) File: E:/Semester_4/Microprocessor_Project/8_X_1_Demux_16_Bit.vhd Line: 13
Info (10041): Inferred latch for "Y3[4]" at 8_X_1_Demux_16_Bit.vhd(13) File: E:/Semester_4/Microprocessor_Project/8_X_1_Demux_16_Bit.vhd Line: 13
Info (10041): Inferred latch for "Y3[5]" at 8_X_1_Demux_16_Bit.vhd(13) File: E:/Semester_4/Microprocessor_Project/8_X_1_Demux_16_Bit.vhd Line: 13
Info (10041): Inferred latch for "Y3[6]" at 8_X_1_Demux_16_Bit.vhd(13) File: E:/Semester_4/Microprocessor_Project/8_X_1_Demux_16_Bit.vhd Line: 13
Info (10041): Inferred latch for "Y3[7]" at 8_X_1_Demux_16_Bit.vhd(13) File: E:/Semester_4/Microprocessor_Project/8_X_1_Demux_16_Bit.vhd Line: 13
Info (10041): Inferred latch for "Y3[8]" at 8_X_1_Demux_16_Bit.vhd(13) File: E:/Semester_4/Microprocessor_Project/8_X_1_Demux_16_Bit.vhd Line: 13
Info (10041): Inferred latch for "Y3[9]" at 8_X_1_Demux_16_Bit.vhd(13) File: E:/Semester_4/Microprocessor_Project/8_X_1_Demux_16_Bit.vhd Line: 13
Info (10041): Inferred latch for "Y3[10]" at 8_X_1_Demux_16_Bit.vhd(13) File: E:/Semester_4/Microprocessor_Project/8_X_1_Demux_16_Bit.vhd Line: 13
Info (10041): Inferred latch for "Y3[11]" at 8_X_1_Demux_16_Bit.vhd(13) File: E:/Semester_4/Microprocessor_Project/8_X_1_Demux_16_Bit.vhd Line: 13
Info (10041): Inferred latch for "Y3[12]" at 8_X_1_Demux_16_Bit.vhd(13) File: E:/Semester_4/Microprocessor_Project/8_X_1_Demux_16_Bit.vhd Line: 13
Info (10041): Inferred latch for "Y3[13]" at 8_X_1_Demux_16_Bit.vhd(13) File: E:/Semester_4/Microprocessor_Project/8_X_1_Demux_16_Bit.vhd Line: 13
Info (10041): Inferred latch for "Y3[14]" at 8_X_1_Demux_16_Bit.vhd(13) File: E:/Semester_4/Microprocessor_Project/8_X_1_Demux_16_Bit.vhd Line: 13
Info (10041): Inferred latch for "Y3[15]" at 8_X_1_Demux_16_Bit.vhd(13) File: E:/Semester_4/Microprocessor_Project/8_X_1_Demux_16_Bit.vhd Line: 13
Info (10041): Inferred latch for "Y2[0]" at 8_X_1_Demux_16_Bit.vhd(13) File: E:/Semester_4/Microprocessor_Project/8_X_1_Demux_16_Bit.vhd Line: 13
Info (10041): Inferred latch for "Y2[1]" at 8_X_1_Demux_16_Bit.vhd(13) File: E:/Semester_4/Microprocessor_Project/8_X_1_Demux_16_Bit.vhd Line: 13
Info (10041): Inferred latch for "Y2[2]" at 8_X_1_Demux_16_Bit.vhd(13) File: E:/Semester_4/Microprocessor_Project/8_X_1_Demux_16_Bit.vhd Line: 13
Info (10041): Inferred latch for "Y2[3]" at 8_X_1_Demux_16_Bit.vhd(13) File: E:/Semester_4/Microprocessor_Project/8_X_1_Demux_16_Bit.vhd Line: 13
Info (10041): Inferred latch for "Y2[4]" at 8_X_1_Demux_16_Bit.vhd(13) File: E:/Semester_4/Microprocessor_Project/8_X_1_Demux_16_Bit.vhd Line: 13
Info (10041): Inferred latch for "Y2[5]" at 8_X_1_Demux_16_Bit.vhd(13) File: E:/Semester_4/Microprocessor_Project/8_X_1_Demux_16_Bit.vhd Line: 13
Info (10041): Inferred latch for "Y2[6]" at 8_X_1_Demux_16_Bit.vhd(13) File: E:/Semester_4/Microprocessor_Project/8_X_1_Demux_16_Bit.vhd Line: 13
Info (10041): Inferred latch for "Y2[7]" at 8_X_1_Demux_16_Bit.vhd(13) File: E:/Semester_4/Microprocessor_Project/8_X_1_Demux_16_Bit.vhd Line: 13
Info (10041): Inferred latch for "Y2[8]" at 8_X_1_Demux_16_Bit.vhd(13) File: E:/Semester_4/Microprocessor_Project/8_X_1_Demux_16_Bit.vhd Line: 13
Info (10041): Inferred latch for "Y2[9]" at 8_X_1_Demux_16_Bit.vhd(13) File: E:/Semester_4/Microprocessor_Project/8_X_1_Demux_16_Bit.vhd Line: 13
Info (10041): Inferred latch for "Y2[10]" at 8_X_1_Demux_16_Bit.vhd(13) File: E:/Semester_4/Microprocessor_Project/8_X_1_Demux_16_Bit.vhd Line: 13
Info (10041): Inferred latch for "Y2[11]" at 8_X_1_Demux_16_Bit.vhd(13) File: E:/Semester_4/Microprocessor_Project/8_X_1_Demux_16_Bit.vhd Line: 13
Info (10041): Inferred latch for "Y2[12]" at 8_X_1_Demux_16_Bit.vhd(13) File: E:/Semester_4/Microprocessor_Project/8_X_1_Demux_16_Bit.vhd Line: 13
Info (10041): Inferred latch for "Y2[13]" at 8_X_1_Demux_16_Bit.vhd(13) File: E:/Semester_4/Microprocessor_Project/8_X_1_Demux_16_Bit.vhd Line: 13
Info (10041): Inferred latch for "Y2[14]" at 8_X_1_Demux_16_Bit.vhd(13) File: E:/Semester_4/Microprocessor_Project/8_X_1_Demux_16_Bit.vhd Line: 13
Info (10041): Inferred latch for "Y2[15]" at 8_X_1_Demux_16_Bit.vhd(13) File: E:/Semester_4/Microprocessor_Project/8_X_1_Demux_16_Bit.vhd Line: 13
Info (10041): Inferred latch for "Y1[0]" at 8_X_1_Demux_16_Bit.vhd(13) File: E:/Semester_4/Microprocessor_Project/8_X_1_Demux_16_Bit.vhd Line: 13
Info (10041): Inferred latch for "Y1[1]" at 8_X_1_Demux_16_Bit.vhd(13) File: E:/Semester_4/Microprocessor_Project/8_X_1_Demux_16_Bit.vhd Line: 13
Info (10041): Inferred latch for "Y1[2]" at 8_X_1_Demux_16_Bit.vhd(13) File: E:/Semester_4/Microprocessor_Project/8_X_1_Demux_16_Bit.vhd Line: 13
Info (10041): Inferred latch for "Y1[3]" at 8_X_1_Demux_16_Bit.vhd(13) File: E:/Semester_4/Microprocessor_Project/8_X_1_Demux_16_Bit.vhd Line: 13
Info (10041): Inferred latch for "Y1[4]" at 8_X_1_Demux_16_Bit.vhd(13) File: E:/Semester_4/Microprocessor_Project/8_X_1_Demux_16_Bit.vhd Line: 13
Info (10041): Inferred latch for "Y1[5]" at 8_X_1_Demux_16_Bit.vhd(13) File: E:/Semester_4/Microprocessor_Project/8_X_1_Demux_16_Bit.vhd Line: 13
Info (10041): Inferred latch for "Y1[6]" at 8_X_1_Demux_16_Bit.vhd(13) File: E:/Semester_4/Microprocessor_Project/8_X_1_Demux_16_Bit.vhd Line: 13
Info (10041): Inferred latch for "Y1[7]" at 8_X_1_Demux_16_Bit.vhd(13) File: E:/Semester_4/Microprocessor_Project/8_X_1_Demux_16_Bit.vhd Line: 13
Info (10041): Inferred latch for "Y1[8]" at 8_X_1_Demux_16_Bit.vhd(13) File: E:/Semester_4/Microprocessor_Project/8_X_1_Demux_16_Bit.vhd Line: 13
Info (10041): Inferred latch for "Y1[9]" at 8_X_1_Demux_16_Bit.vhd(13) File: E:/Semester_4/Microprocessor_Project/8_X_1_Demux_16_Bit.vhd Line: 13
Info (10041): Inferred latch for "Y1[10]" at 8_X_1_Demux_16_Bit.vhd(13) File: E:/Semester_4/Microprocessor_Project/8_X_1_Demux_16_Bit.vhd Line: 13
Info (10041): Inferred latch for "Y1[11]" at 8_X_1_Demux_16_Bit.vhd(13) File: E:/Semester_4/Microprocessor_Project/8_X_1_Demux_16_Bit.vhd Line: 13
Info (10041): Inferred latch for "Y1[12]" at 8_X_1_Demux_16_Bit.vhd(13) File: E:/Semester_4/Microprocessor_Project/8_X_1_Demux_16_Bit.vhd Line: 13
Info (10041): Inferred latch for "Y1[13]" at 8_X_1_Demux_16_Bit.vhd(13) File: E:/Semester_4/Microprocessor_Project/8_X_1_Demux_16_Bit.vhd Line: 13
Info (10041): Inferred latch for "Y1[14]" at 8_X_1_Demux_16_Bit.vhd(13) File: E:/Semester_4/Microprocessor_Project/8_X_1_Demux_16_Bit.vhd Line: 13
Info (10041): Inferred latch for "Y1[15]" at 8_X_1_Demux_16_Bit.vhd(13) File: E:/Semester_4/Microprocessor_Project/8_X_1_Demux_16_Bit.vhd Line: 13
Info (10041): Inferred latch for "Y0[0]" at 8_X_1_Demux_16_Bit.vhd(13) File: E:/Semester_4/Microprocessor_Project/8_X_1_Demux_16_Bit.vhd Line: 13
Info (10041): Inferred latch for "Y0[1]" at 8_X_1_Demux_16_Bit.vhd(13) File: E:/Semester_4/Microprocessor_Project/8_X_1_Demux_16_Bit.vhd Line: 13
Info (10041): Inferred latch for "Y0[2]" at 8_X_1_Demux_16_Bit.vhd(13) File: E:/Semester_4/Microprocessor_Project/8_X_1_Demux_16_Bit.vhd Line: 13
Info (10041): Inferred latch for "Y0[3]" at 8_X_1_Demux_16_Bit.vhd(13) File: E:/Semester_4/Microprocessor_Project/8_X_1_Demux_16_Bit.vhd Line: 13
Info (10041): Inferred latch for "Y0[4]" at 8_X_1_Demux_16_Bit.vhd(13) File: E:/Semester_4/Microprocessor_Project/8_X_1_Demux_16_Bit.vhd Line: 13
Info (10041): Inferred latch for "Y0[5]" at 8_X_1_Demux_16_Bit.vhd(13) File: E:/Semester_4/Microprocessor_Project/8_X_1_Demux_16_Bit.vhd Line: 13
Info (10041): Inferred latch for "Y0[6]" at 8_X_1_Demux_16_Bit.vhd(13) File: E:/Semester_4/Microprocessor_Project/8_X_1_Demux_16_Bit.vhd Line: 13
Info (10041): Inferred latch for "Y0[7]" at 8_X_1_Demux_16_Bit.vhd(13) File: E:/Semester_4/Microprocessor_Project/8_X_1_Demux_16_Bit.vhd Line: 13
Info (10041): Inferred latch for "Y0[8]" at 8_X_1_Demux_16_Bit.vhd(13) File: E:/Semester_4/Microprocessor_Project/8_X_1_Demux_16_Bit.vhd Line: 13
Info (10041): Inferred latch for "Y0[9]" at 8_X_1_Demux_16_Bit.vhd(13) File: E:/Semester_4/Microprocessor_Project/8_X_1_Demux_16_Bit.vhd Line: 13
Info (10041): Inferred latch for "Y0[10]" at 8_X_1_Demux_16_Bit.vhd(13) File: E:/Semester_4/Microprocessor_Project/8_X_1_Demux_16_Bit.vhd Line: 13
Info (10041): Inferred latch for "Y0[11]" at 8_X_1_Demux_16_Bit.vhd(13) File: E:/Semester_4/Microprocessor_Project/8_X_1_Demux_16_Bit.vhd Line: 13
Info (10041): Inferred latch for "Y0[12]" at 8_X_1_Demux_16_Bit.vhd(13) File: E:/Semester_4/Microprocessor_Project/8_X_1_Demux_16_Bit.vhd Line: 13
Info (10041): Inferred latch for "Y0[13]" at 8_X_1_Demux_16_Bit.vhd(13) File: E:/Semester_4/Microprocessor_Project/8_X_1_Demux_16_Bit.vhd Line: 13
Info (10041): Inferred latch for "Y0[14]" at 8_X_1_Demux_16_Bit.vhd(13) File: E:/Semester_4/Microprocessor_Project/8_X_1_Demux_16_Bit.vhd Line: 13
Info (10041): Inferred latch for "Y0[15]" at 8_X_1_Demux_16_Bit.vhd(13) File: E:/Semester_4/Microprocessor_Project/8_X_1_Demux_16_Bit.vhd Line: 13
Info (12128): Elaborating entity "demux_8x1_1bit" for hierarchy "datapath:DP|register_file:RF|demux_8x1_1bit:demux4" File: E:/Semester_4/Microprocessor_Project/Register_File.vhd Line: 53
Info (12128): Elaborating entity "mux_2x1_3bit" for hierarchy "datapath:DP|mux_2x1_3bit:Source_Reg_Mux" File: E:/Semester_4/Microprocessor_Project/Datapath.vhd Line: 99
Info (12128): Elaborating entity "shift_one" for hierarchy "datapath:DP|shift_one:Multiply_two_SE" File: E:/Semester_4/Microprocessor_Project/Datapath.vhd Line: 103
Info (12128): Elaborating entity "mux_2x1_16bit" for hierarchy "datapath:DP|shift_one:Multiply_two_SE|mux_2x1_16bit:mux" File: E:/Semester_4/Microprocessor_Project/shift_one.vhd Line: 25
Info (12128): Elaborating entity "mux_4x1_16bit" for hierarchy "datapath:DP|mux_4x1_16bit:Nxt_Address_Mux" File: E:/Semester_4/Microprocessor_Project/Datapath.vhd Line: 107
Info (12128): Elaborating entity "pipo_register_3_bit" for hierarchy "datapath:DP|pipo_register_3_bit:R3" File: E:/Semester_4/Microprocessor_Project/Datapath.vhd Line: 111
Info (12128): Elaborating entity "ALU" for hierarchy "datapath:DP|ALU:Arithmetic_Unit" File: E:/Semester_4/Microprocessor_Project/Datapath.vhd Line: 116
Info (12128): Elaborating entity "multiplier" for hierarchy "datapath:DP|ALU:Arithmetic_Unit|multiplier:Multiplier_entity" File: E:/Semester_4/Microprocessor_Project/ALU.vhd Line: 45
Warning (10036): Verilog HDL or VHDL warning at Multiplier.vhd(39): object "temp1" assigned a value but never read File: E:/Semester_4/Microprocessor_Project/Multiplier.vhd Line: 39
Warning (10036): Verilog HDL or VHDL warning at Multiplier.vhd(39): object "temp2" assigned a value but never read File: E:/Semester_4/Microprocessor_Project/Multiplier.vhd Line: 39
Warning (10036): Verilog HDL or VHDL warning at Multiplier.vhd(39): object "temp3" assigned a value but never read File: E:/Semester_4/Microprocessor_Project/Multiplier.vhd Line: 39
Info (12128): Elaborating entity "AND_2" for hierarchy "datapath:DP|ALU:Arithmetic_Unit|multiplier:Multiplier_entity|AND_2:\for_1:0:inst1" File: E:/Semester_4/Microprocessor_Project/Multiplier.vhd Line: 42
Info (12128): Elaborating entity "zero_padding" for hierarchy "datapath:DP|ALU:Arithmetic_Unit|multiplier:Multiplier_entity|zero_padding:inst5" File: E:/Semester_4/Microprocessor_Project/Multiplier.vhd Line: 48
Info (12128): Elaborating entity "kogge_stone_adder_subtractor" for hierarchy "datapath:DP|ALU:Arithmetic_Unit|kogge_stone_adder_subtractor:Adder" File: E:/Semester_4/Microprocessor_Project/ALU.vhd Line: 46
Info (12128): Elaborating entity "kogge_stone" for hierarchy "datapath:DP|ALU:Arithmetic_Unit|kogge_stone_adder_subtractor:Adder|kogge_stone:kogge" File: E:/Semester_4/Microprocessor_Project/Kogge_stone_adder_subtractor.vhd Line: 30
Info (12128): Elaborating entity "preprocessing" for hierarchy "datapath:DP|ALU:Arithmetic_Unit|kogge_stone_adder_subtractor:Adder|kogge_stone:kogge|preprocessing:inst1" File: E:/Semester_4/Microprocessor_Project/kogge_stone.vhd Line: 40
Info (12128): Elaborating entity "kogge_stone_node" for hierarchy "datapath:DP|ALU:Arithmetic_Unit|kogge_stone_adder_subtractor:Adder|kogge_stone:kogge|kogge_stone_node:\inst4:1:inst4a" File: E:/Semester_4/Microprocessor_Project/kogge_stone.vhd Line: 44
Info (12128): Elaborating entity "postprocessing" for hierarchy "datapath:DP|ALU:Arithmetic_Unit|kogge_stone_adder_subtractor:Adder|kogge_stone:kogge|postprocessing:inst8" File: E:/Semester_4/Microprocessor_Project/kogge_stone.vhd Line: 63
Info (12128): Elaborating entity "shifter" for hierarchy "datapath:DP|ALU:Arithmetic_Unit|shifter:Shift" File: E:/Semester_4/Microprocessor_Project/ALU.vhd Line: 47
Info (12128): Elaborating entity "shift_two" for hierarchy "datapath:DP|ALU:Arithmetic_Unit|shifter:Shift|shift_two:two" File: E:/Semester_4/Microprocessor_Project/Shifter.vhd Line: 49
Info (12128): Elaborating entity "shift_four" for hierarchy "datapath:DP|ALU:Arithmetic_Unit|shifter:Shift|shift_four:four" File: E:/Semester_4/Microprocessor_Project/Shifter.vhd Line: 50
Info (12128): Elaborating entity "shift_eight" for hierarchy "datapath:DP|ALU:Arithmetic_Unit|shifter:Shift|shift_eight:eight" File: E:/Semester_4/Microprocessor_Project/Shifter.vhd Line: 51
Info (12128): Elaborating entity "Controlpath" for hierarchy "Controlpath:CP" File: E:/Semester_4/Microprocessor_Project/PDF_CPU.vhd Line: 75
Warning (10036): Verilog HDL or VHDL warning at Controlpath.vhd(25): object "instruction_arr" assigned a value but never read File: E:/Semester_4/Microprocessor_Project/Controlpath.vhd Line: 25
Warning (10036): Verilog HDL or VHDL warning at Controlpath.vhd(26): object "ins" assigned a value but never read File: E:/Semester_4/Microprocessor_Project/Controlpath.vhd Line: 26
Info (12128): Elaborating entity "ring_buffer" for hierarchy "ring_buffer:Data_Memory" File: E:/Semester_4/Microprocessor_Project/PDF_CPU.vhd Line: 81
Warning (13046): Tri-state node(s) do not directly drive top-level pin(s)
    Warning (13049): Converted tri-state buffer "datapath:DP|comb~synth" feeding internal logic into a wire
    Warning (13049): Converted tri-state buffer "datapath:DP|comb~synth" feeding internal logic into a wire
    Warning (13049): Converted tri-state buffer "datapath:DP|comb~synth" feeding internal logic into a wire
    Warning (13049): Converted tri-state buffer "datapath:DP|comb~synth" feeding internal logic into a wire
    Warning (13049): Converted tri-state buffer "datapath:DP|comb~synth" feeding internal logic into a wire
    Warning (13049): Converted tri-state buffer "datapath:DP|comb~synth" feeding internal logic into a wire
    Warning (13049): Converted tri-state buffer "datapath:DP|comb~synth" feeding internal logic into a wire
    Warning (13049): Converted tri-state buffer "datapath:DP|comb~synth" feeding internal logic into a wire
    Warning (13049): Converted tri-state buffer "datapath:DP|comb~synth" feeding internal logic into a wire
    Warning (13049): Converted tri-state buffer "datapath:DP|comb~synth" feeding internal logic into a wire
    Warning (13049): Converted tri-state buffer "datapath:DP|comb~synth" feeding internal logic into a wire
    Warning (13049): Converted tri-state buffer "datapath:DP|comb~synth" feeding internal logic into a wire
    Warning (13049): Converted tri-state buffer "datapath:DP|comb~synth" feeding internal logic into a wire
    Warning (13049): Converted tri-state buffer "datapath:DP|comb~synth" feeding internal logic into a wire
    Warning (13049): Converted tri-state buffer "datapath:DP|comb~synth" feeding internal logic into a wire
    Warning (13049): Converted tri-state buffer "datapath:DP|comb~synth" feeding internal logic into a wire
Warning (276020): Inferred RAM node "ring_buffer:Data_Memory|ram_rtl_0" from synchronous design logic.  Pass-through logic has been added to match the read-during-write behavior of the original design.
Info (19000): Inferred 1 megafunctions from design logic
    Info (276029): Inferred altsyncram megafunction from the following design logic: "ring_buffer:Data_Memory|ram_rtl_0" 
        Info (286033): Parameter OPERATION_MODE set to DUAL_PORT
        Info (286033): Parameter WIDTH_A set to 16
        Info (286033): Parameter WIDTHAD_A set to 5
        Info (286033): Parameter NUMWORDS_A set to 32
        Info (286033): Parameter WIDTH_B set to 16
        Info (286033): Parameter WIDTHAD_B set to 5
        Info (286033): Parameter NUMWORDS_B set to 32
        Info (286033): Parameter ADDRESS_ACLR_A set to NONE
        Info (286033): Parameter OUTDATA_REG_B set to UNREGISTERED
        Info (286033): Parameter ADDRESS_ACLR_B set to NONE
        Info (286033): Parameter OUTDATA_ACLR_B set to NONE
        Info (286033): Parameter ADDRESS_REG_B set to CLOCK0
        Info (286033): Parameter INDATA_ACLR_A set to NONE
        Info (286033): Parameter WRCONTROL_ACLR_A set to NONE
        Info (286033): Parameter READ_DURING_WRITE_MODE_MIXED_PORTS set to OLD_DATA
Info (12130): Elaborated megafunction instantiation "ring_buffer:Data_Memory|altsyncram:ram_rtl_0"
Info (12133): Instantiated megafunction "ring_buffer:Data_Memory|altsyncram:ram_rtl_0" with the following parameter:
    Info (12134): Parameter "OPERATION_MODE" = "DUAL_PORT"
    Info (12134): Parameter "WIDTH_A" = "16"
    Info (12134): Parameter "WIDTHAD_A" = "5"
    Info (12134): Parameter "NUMWORDS_A" = "32"
    Info (12134): Parameter "WIDTH_B" = "16"
    Info (12134): Parameter "WIDTHAD_B" = "5"
    Info (12134): Parameter "NUMWORDS_B" = "32"
    Info (12134): Parameter "ADDRESS_ACLR_A" = "NONE"
    Info (12134): Parameter "OUTDATA_REG_B" = "UNREGISTERED"
    Info (12134): Parameter "ADDRESS_ACLR_B" = "NONE"
    Info (12134): Parameter "OUTDATA_ACLR_B" = "NONE"
    Info (12134): Parameter "ADDRESS_REG_B" = "CLOCK0"
    Info (12134): Parameter "INDATA_ACLR_A" = "NONE"
    Info (12134): Parameter "WRCONTROL_ACLR_A" = "NONE"
    Info (12134): Parameter "READ_DURING_WRITE_MODE_MIXED_PORTS" = "OLD_DATA"
Info (12021): Found 1 design units, including 1 entities, in source file db/altsyncram_fmh1.tdf
    Info (12023): Found entity 1: altsyncram_fmh1 File: E:/Semester_4/Microprocessor_Project/db/altsyncram_fmh1.tdf Line: 27
Warning (12241): 1 hierarchies have connectivity warnings - see the Connectivity Checks report folder
Info (286030): Timing-Driven Synthesis is running
Info (17049): 54 registers lost all their fanouts during netlist optimizations.
Info (16010): Generating hard_block partition "hard_block:auto_generated_inst"
    Info (16011): Adding 0 node(s), including 0 DDIO, 0 PLL, 0 transceiver and 0 LCELL
Info (21057): Implemented 1168 device resources after synthesis - the final resource count might be different
    Info (21058): Implemented 52 input pins
    Info (21059): Implemented 51 output pins
    Info (21061): Implemented 1049 logic cells
    Info (21064): Implemented 16 RAM segments
Info: Quartus Prime Analysis & Synthesis was successful. 0 errors, 33 warnings
    Info: Peak virtual memory: 4881 megabytes
    Info: Processing ended: Fri May 02 02:00:24 2025
    Info: Elapsed time: 00:00:15
    Info: Total CPU time (on all processors): 00:00:26


